,unique_words,total_words,lex_div,unusual_words,content_frac,avg_len_words,compound,neg,neu,pos,NN,PR,RB,RBR,RBS,UH,VB,JJ,JJR,JJS,EX,labels,artist
0,71.0,100.0,0.71,3,0.49,4.08,0.7249,0.119,0.707,0.174,0.225490196078,0.137254901961,0.0686274509804,0.0,0.0,0.0,0.254901960784,0.0392156862745,0.0,0.0,0.0196078431373,They'll Never Take the Good Years-William Fitzsimmons,William Fitzsimmons
1,26.0,200.0,0.13,0,0.375,3.48,0.9245,0.141,0.634,0.225,0.177570093458,0.135514018692,0.0747663551402,0.0,0.0,0.0,0.144859813084,0.0280373831776,0.0280373831776,0.0,0.0,Afterall-William Fitzsimmons,William Fitzsimmons
2,56.0,113.0,0.495575221239,6,0.371681415929,3.77876106195,0.296,0.022,0.935,0.043,0.121739130435,0.182608695652,0.0260869565217,0.0,0.0,0.0,0.295652173913,0.0434782608696,0.0,0.0,0.00869565217391,Fortune (Acoustic)-William Fitzsimmons,William Fitzsimmons
3,23.0,71.0,0.323943661972,1,0.676056338028,3.49295774648,0.2129,0.108,0.709,0.183,0.268292682927,0.121951219512,0.121951219512,0.0,0.0,0.0,0.256097560976,0.0243902439024,0.0243902439024,0.0,0.0,After Afterall-William Fitzsimmons,William Fitzsimmons
4,103.0,162.0,0.635802469136,10,0.407407407407,3.35802469136,0.8319,0.069,0.789,0.141,0.197604790419,0.119760479042,0.0778443113772,0.0,0.0,0.0,0.233532934132,0.059880239521,0.0059880239521,0.0,0.0,Passion Play-William Fitzsimmons,William Fitzsimmons
5,96.0,283.0,0.339222614841,5,0.547703180212,3.38869257951,0.9914,0.11,0.63,0.259,0.212328767123,0.212328767123,0.0787671232877,0.0,0.0,0.0,0.167808219178,0.0821917808219,0.0,0.0,0.0,I Kissed a Girl-William Fitzsimmons,William Fitzsimmons
6,49.0,67.0,0.731343283582,3,0.358208955224,3.70149253731,0.8126,0.0,0.875,0.125,0.10447761194,0.268656716418,0.089552238806,0.0,0.0,0.0,0.194029850746,0.0298507462687,0.0,0.0,0.0,Brandon-William Fitzsimmons,William Fitzsimmons
7,60.0,95.0,0.631578947368,1,0.515789473684,3.97894736842,0.0,0.042,0.927,0.031,0.24,0.16,0.04,0.0,0.0,0.0,0.18,0.03,0.01,0.0,0.0,If You Would Come Back Home-William Fitzsimmons,William Fitzsimmons
8,72.0,101.0,0.712871287129,2,0.425742574257,3.53465346535,0.9623,0.015,0.81,0.176,0.145631067961,0.174757281553,0.0485436893204,0.0,0.0,0.0,0.21359223301,0.0291262135922,0.0,0.0,0.0194174757282,Josie's Song-William Fitzsimmons,William Fitzsimmons
9,62.0,154.0,0.402597402597,6,0.220779220779,2.85714285714,0.0511,0.051,0.889,0.06,0.156069364162,0.260115606936,0.0346820809249,0.0,0.0,0.00578034682081,0.196531791908,0.0173410404624,0.00578034682081,0.0,0.0115606936416,A Part-William Fitzsimmons,William Fitzsimmons
10,58.0,129.0,0.449612403101,2,0.550387596899,3.61240310078,0.9821,0.027,0.762,0.21,0.0948905109489,0.160583941606,0.240875912409,0.0,0.0,0.014598540146,0.160583941606,0.0729927007299,0.0,0.0,0.0,Even Now-William Fitzsimmons,William Fitzsimmons
11,51.0,81.0,0.62962962963,3,0.592592592593,4.24691358025,0.9796,0.056,0.63,0.313,0.426829268293,0.121951219512,0.0365853658537,0.0,0.0,0.0,0.121951219512,0.0365853658537,0.0243902439024,0.0,0.0,Beautiful Girl-William Fitzsimmons,William Fitzsimmons
12,77.0,191.0,0.403141361257,4,0.502617801047,3.34554973822,-0.8126,0.08,0.896,0.024,0.0520833333333,0.208333333333,0.145833333333,0.00520833333333,0.0,0.0416666666667,0.291666666667,0.0260416666667,0.00520833333333,0.0,0.0,I Don't Feel It Anymore (Song of the Sparrow)-William Fitzsimmons,William Fitzsimmons
13,138.0,385.0,0.358441558442,10,0.501298701299,3.77922077922,-0.9975,0.19,0.783,0.027,0.14358974359,0.189743589744,0.102564102564,0.0025641025641,0.0,0.0,0.2,0.0589743589744,0.0,0.0102564102564,0.0,Heartless-William Fitzsimmons,William Fitzsimmons
14,44.0,74.0,0.594594594595,3,0.621621621622,3.83783783784,0.8379,0.057,0.754,0.188,0.217948717949,0.205128205128,0.153846153846,0.0,0.0,0.0,0.217948717949,0.0769230769231,0.0,0.0,0.0,Fare Thee Well-William Fitzsimmons,William Fitzsimmons
15,140.0,387.0,0.361757105943,6,0.50645994832,3.40051679587,0.9819,0.045,0.824,0.131,0.168765743073,0.171284634761,0.0579345088161,0.0,0.0,0.00755667506297,0.2040302267,0.0528967254408,0.0,0.0,0.0,Goodmorning-Bleachers,Bleachers
16,118.0,384.0,0.307291666667,9,0.614583333333,3.88020833333,-0.6012,0.131,0.761,0.108,0.2,0.154430379747,0.0759493670886,0.0,0.0,0.0,0.26835443038,0.0455696202532,0.00506329113924,0.0,0.0101265822785,Everybody Lost Somebody-Bleachers,Bleachers
17,103.0,339.0,0.30383480826,5,0.492625368732,3.77286135693,-0.9612,0.118,0.792,0.09,0.1642228739,0.16715542522,0.0791788856305,0.00293255131965,0.0,0.0,0.240469208211,0.0469208211144,0.0,0.0,0.00879765395894,Rollercoaster-Bleachers,Bleachers
18,91.0,465.0,0.195698924731,7,0.498924731183,3.17419354839,-0.9898,0.25,0.543,0.207,0.115789473684,0.248421052632,0.124210526316,0.0,0.0,0.00421052631579,0.170526315789,0.0168421052632,0.0,0.0,0.0,Hate That You Know Me-Bleachers,Bleachers
19,114.0,362.0,0.314917127072,5,0.461325966851,3.30662983425,-0.9569,0.101,0.858,0.041,0.111111111111,0.208994708995,0.0582010582011,0.0,0.0,0.0,0.208994708995,0.0343915343915,0.0026455026455,0.0,0.0,Like a River Runs-Bleachers,Bleachers
20,84.0,231.0,0.363636363636,6,0.484848484848,3.64069264069,0.9945,0.062,0.678,0.261,0.14406779661,0.182203389831,0.0296610169492,0.00423728813559,0.0,0.0127118644068,0.258474576271,0.0423728813559,0.0,0.0,0.00847457627119,Shadow-Bleachers,Bleachers
21,156.0,478.0,0.326359832636,10,0.581589958159,3.42259414226,0.9981,0.099,0.617,0.284,0.145748987854,0.143724696356,0.0485829959514,0.0,0.0,0.0,0.248987854251,0.105263157895,0.0708502024291,0.0,0.00202429149798,I Wanna Get Better-Bleachers,Bleachers
22,79.0,149.0,0.530201342282,4,0.503355704698,3.59060402685,-0.461,0.062,0.891,0.047,0.205128205128,0.141025641026,0.0833333333333,0.0,0.0,0.0,0.237179487179,0.0384615384615,0.0,0.0,0.0,Dream of Mickey Mantle-Bleachers,Bleachers
23,130.0,519.0,0.250481695568,9,0.522157996146,3.39691714836,0.9226,0.11,0.76,0.13,0.173913043478,0.183364839319,0.0775047258979,0.0,0.0,0.0,0.251417769376,0.00945179584121,0.0,0.0,0.0,Don't Take the Money-Bleachers,Bleachers
24,74.0,228.0,0.324561403509,6,0.513157894737,3.48684210526,0.9236,0.086,0.764,0.149,0.162280701754,0.144736842105,0.0789473684211,0.0219298245614,0.0,0.00438596491228,0.223684210526,0.0131578947368,0.0,0.00438596491228,0.0,All My Heroes-Bleachers,Bleachers
25,114.0,363.0,0.314049586777,6,0.520661157025,3.93112947658,-0.983,0.169,0.782,0.049,0.149051490515,0.173441734417,0.0650406504065,0.0,0.0,0.00542005420054,0.243902439024,0.0325203252033,0.00271002710027,0.0,0.00271002710027,I Miss Those Days-Bleachers,Bleachers
26,96.0,275.0,0.349090909091,5,0.541818181818,3.54181818182,-0.9774,0.271,0.597,0.132,0.189003436426,0.161512027491,0.0927835051546,0.0,0.0,0.00343642611684,0.230240549828,0.0274914089347,0.0,0.0,0.0,Entropy-Bleachers,Bleachers
27,54.0,118.0,0.457627118644,6,0.440677966102,3.5,0.9854,0.02,0.695,0.285,0.0916666666667,0.233333333333,0.0833333333333,0.0,0.0,0.0,0.266666666667,0.0333333333333,0.0,0.00833333333333,0.0,Who I Want You to Love-Bleachers,Bleachers
28,97.0,371.0,0.261455525606,0,0.646900269542,3.39892183288,-0.9756,0.138,0.81,0.052,0.113756613757,0.121693121693,0.142857142857,0.0,0.0,0.0026455026455,0.291005291005,0.119047619048,0.0,0.0,0.0,Let's Get Married-Bleachers,Bleachers
29,97.0,172.0,0.563953488372,6,0.453488372093,3.61046511628,-0.8969,0.189,0.687,0.124,0.189944134078,0.184357541899,0.0558659217877,0.0,0.0111731843575,0.0,0.178770949721,0.0391061452514,0.0,0.0,0.00558659217877,My Medea-Vienna Teng,Vienna Teng
30,137.0,299.0,0.458193979933,18,0.494983277592,3.98996655518,0.9413,0.057,0.838,0.105,0.248366013072,0.107843137255,0.0751633986928,0.00326797385621,0.0,0.0,0.143790849673,0.104575163399,0.00326797385621,0.00326797385621,0.00326797385621,Lullaby for a Stormy Night-Vienna Teng,Vienna Teng
31,123.0,238.0,0.516806722689,20,0.609243697479,4.39075630252,0.8977,0.051,0.861,0.088,0.3,0.1375,0.0541666666667,0.0,0.0,0.00416666666667,0.175,0.05,0.00416666666667,0.0,0.0,Goodnight New York-Vienna Teng,Vienna Teng
32,81.0,154.0,0.525974025974,5,0.409090909091,3.59090909091,0.9818,0.025,0.8,0.175,0.1875,0.15,0.0625,0.0,0.0,0.0,0.26875,0.0375,0.0,0.0,0.0,Gravity-Vienna Teng,Vienna Teng
33,93.0,184.0,0.505434782609,8,0.570652173913,3.38586956522,0.9839,0.028,0.775,0.197,0.178378378378,0.151351351351,0.0486486486486,0.0,0.0,0.0108108108108,0.145945945946,0.118918918919,0.0,0.0,0.0,Blue Caravan-Vienna Teng,Vienna Teng
34,133.0,304.0,0.4375,18,0.513157894737,4.0,0.9565,0.048,0.848,0.104,0.237942122186,0.109324758842,0.0739549839228,0.0,0.0,0.0,0.154340836013,0.102893890675,0.0032154340836,0.0,0.0032154340836,Lullabye for a Stormy Night-Vienna Teng,Vienna Teng
35,107.0,275.0,0.389090909091,6,0.512727272727,3.22909090909,0.9886,0.0,0.842,0.158,0.115942028986,0.159420289855,0.0688405797101,0.0,0.0,0.0,0.231884057971,0.0326086956522,0.0108695652174,0.0,0.00724637681159,Say the Word-Vienna Teng,Vienna Teng
36,150.0,260.0,0.576923076923,23,0.480769230769,4.11923076923,0.9801,0.09,0.73,0.179,0.221818181818,0.16,0.0327272727273,0.0,0.0,0.0,0.178181818182,0.0545454545455,0.0,0.00727272727273,0.00363636363636,Eric's Song-Vienna Teng,Vienna Teng
37,97.0,201.0,0.482587064677,6,0.601990049751,3.65174129353,0.9146,0.059,0.814,0.127,0.165876777251,0.137440758294,0.0473933649289,0.0,0.0,0.0,0.18009478673,0.0900473933649,0.00473933649289,0.0,0.0,The Hymn of Acxiom-Vienna Teng,Vienna Teng
38,62.0,104.0,0.596153846154,4,0.557692307692,3.85576923077,0.9885,0.0,0.694,0.306,0.252336448598,0.121495327103,0.0373831775701,0.0,0.0,0.0,0.140186915888,0.0654205607477,0.0,0.0,0.0,Green Island Serenade-Vienna Teng,Vienna Teng
39,46.0,76.0,0.605263157895,3,0.394736842105,3.65789473684,-0.2488,0.064,0.899,0.037,0.166666666667,0.102564102564,0.025641025641,0.0,0.0,0.0,0.153846153846,0.102564102564,0.0128205128205,0.0,0.0,The Last Snowfall-Vienna Teng,Vienna Teng
40,219.0,351.0,0.623931623932,44,0.584045584046,3.98005698006,0.9154,0.134,0.719,0.147,0.316076294278,0.122615803815,0.0463215258856,0.0,0.0,0.00272479564033,0.138964577657,0.0626702997275,0.00272479564033,0.0,0.0,Passage-Vienna Teng,Vienna Teng
41,126.0,304.0,0.414473684211,8,0.414473684211,3.45065789474,-0.9352,0.111,0.833,0.056,0.119873817035,0.192429022082,0.0694006309148,0.0,0.0,0.00946372239748,0.261829652997,0.0599369085174,0.0,0.00315457413249,0.0,White Light-Vienna Teng,Vienna Teng
42,130.0,231.0,0.562770562771,9,0.480519480519,4.19913419913,-0.9661,0.148,0.817,0.034,0.220833333333,0.120833333333,0.0541666666667,0.0,0.00416666666667,0.0,0.216666666667,0.0541666666667,0.0,0.0,0.00416666666667,Close to Home-Vienna Teng,Vienna Teng
43,120.0,299.0,0.401337792642,10,0.511705685619,3.21739130435,0.8734,0.07,0.831,0.099,0.162251655629,0.122516556291,0.0894039735099,0.0,0.0,0.0,0.175496688742,0.0496688741722,0.00662251655629,0.0,0.00331125827815,Level Up-Vienna Teng,Vienna Teng
44,105.0,303.0,0.346534653465,10,0.524752475248,3.83828382838,-0.9908,0.142,0.858,0.0,0.220779220779,0.126623376623,0.0487012987013,0.0,0.0,0.012987012987,0.217532467532,0.0227272727273,0.0,0.0,0.0,All the Kings-Editors,Editors
45,55.0,144.0,0.381944444444,1,0.444444444444,3.52777777778,0.953,0.096,0.715,0.189,0.147651006711,0.255033557047,0.0671140939597,0.0,0.0,0.0,0.228187919463,0.0268456375839,0.0,0.0,0.0,The Weight-Editors,Editors
46,50.0,118.0,0.423728813559,7,0.525423728814,3.39830508475,0.9847,0.056,0.609,0.334,0.247933884298,0.148760330579,0.0826446280992,0.0,0.0,0.0,0.231404958678,0.0413223140496,0.00826446280992,0.0,0.0,No Harm-Editors,Editors
47,92.0,236.0,0.389830508475,4,0.449152542373,3.49152542373,-0.9509,0.103,0.885,0.012,0.152263374486,0.17695473251,0.0617283950617,0.0,0.0,0.0,0.230452674897,0.0617283950617,0.0164609053498,0.0,0.0123456790123,An End Has a Start-Editors,Editors
48,85.0,317.0,0.268138801262,4,0.593059936909,3.75078864353,0.5687,0.095,0.814,0.091,0.220858895706,0.168711656442,0.0674846625767,0.0,0.0,0.0,0.184049079755,0.0245398773006,0.0,0.0,0.0,Formaldehyde-Editors,Editors
49,78.0,259.0,0.301158301158,6,0.474903474903,3.77992277992,-0.9942,0.271,0.685,0.044,0.242307692308,0.0923076923077,0.0230769230769,0.0,0.0,0.00384615384615,0.223076923077,0.00769230769231,0.0,0.0,0.0,Life Is a Fear-Editors,Editors
50,88.0,165.0,0.533333333333,7,0.448484848485,3.43636363636,-0.9025,0.152,0.786,0.063,0.204678362573,0.187134502924,0.0584795321637,0.0,0.0,0.0,0.198830409357,0.0292397660819,0.0116959064327,0.0,0.0,The Phone Book-Editors,Editors
51,80.0,186.0,0.430107526882,5,0.47311827957,3.51075268817,0.6124,0.067,0.83,0.103,0.307291666667,0.145833333333,0.0260416666667,0.0,0.0,0.0,0.15625,0.0364583333333,0.015625,0.0,0.0104166666667,Bricks and Mortar-Editors,Editors
52,47.0,197.0,0.238578680203,3,0.406091370558,3.36040609137,0.9853,0.0,0.826,0.174,0.0772727272727,0.227272727273,0.0727272727273,0.0,0.0,0.0,0.295454545455,0.0590909090909,0.0,0.0,0.0,Munich-Editors,Editors
53,64.0,238.0,0.268907563025,3,0.533613445378,3.23529411765,0.9797,0.041,0.795,0.165,0.159663865546,0.214285714286,0.0378151260504,0.0,0.0,0.0,0.226890756303,0.0252100840336,0.0,0.0,0.0210084033613,Sugar-Editors,Editors
54,59.0,143.0,0.412587412587,6,0.531468531469,4.35664335664,-0.2415,0.055,0.904,0.042,0.377483443709,0.152317880795,0.0264900662252,0.0,0.0,0.0,0.12582781457,0.0264900662252,0.0,0.00662251655629,0.0264900662252,Blood-Editors,Editors
55,42.0,132.0,0.318181818182,4,0.356060606061,3.62121212121,0.7717,0.0,0.935,0.065,0.225165562914,0.0397350993377,0.0331125827815,0.0,0.0,0.00662251655629,0.192052980132,0.00662251655629,0.0,0.0,0.0,All Sparks-Editors,Editors
56,78.0,188.0,0.414893617021,3,0.542553191489,3.74468085106,0.997,0.058,0.533,0.409,0.364583333333,0.0729166666667,0.046875,0.0,0.0,0.0,0.125,0.0364583333333,0.015625,0.0,0.0,A Ton of Love-Editors,Editors
57,59.0,210.0,0.280952380952,3,0.457142857143,3.69047619048,0.34,0.046,0.897,0.057,0.328638497653,0.0985915492958,0.00469483568075,0.0,0.0,0.0,0.12676056338,0.0093896713615,0.0,0.0,0.0,Ocean of Night-Editors,Editors
58,97.0,260.0,0.373076923077,2,0.542307692308,3.42692307692,0.995,0.081,0.641,0.278,0.178832116788,0.142335766423,0.116788321168,0.0,0.0,0.0036496350365,0.233576642336,0.0401459854015,0.0,0.0,0.0109489051095,Papillon-Editors,Editors
59,41.0,90.0,0.455555555556,2,0.411111111111,3.31111111111,-0.7269,0.123,0.826,0.051,0.0879120879121,0.263736263736,0.131868131868,0.0,0.0,0.0,0.230769230769,0.0549450549451,0.0,0.0,0.0,About Today-The National,The National
60,103.0,209.0,0.492822966507,5,0.473684210526,3.62679425837,0.8823,0.044,0.873,0.083,0.181818181818,0.148325358852,0.215311004785,0.0,0.0,0.0,0.186602870813,0.0287081339713,0.0,0.0,0.0,Nobody Else Will Be There-The National,The National
61,77.0,223.0,0.345291479821,4,0.394618834081,3.52466367713,-0.8732,0.124,0.801,0.076,0.126086956522,0.160869565217,0.0869565217391,0.0,0.0,0.0,0.191304347826,0.104347826087,0.00434782608696,0.0,0.0,The System Only Dreams in Total Darkness-The National,The National
62,97.0,321.0,0.302180685358,7,0.485981308411,3.34267912773,0.9939,0.042,0.776,0.182,0.169139465875,0.192878338279,0.0830860534125,0.0,0.0,0.0178041543027,0.213649851632,0.0504451038576,0.0,0.0,0.0,This Is the Last Time-The National,The National
63,67.0,235.0,0.285106382979,7,0.429787234043,3.23404255319,0.9955,0.0,0.77,0.23,0.14693877551,0.216326530612,0.0204081632653,0.0,0.0,0.0,0.228571428571,0.0326530612245,0.0,0.0,0.00816326530612,Dark Side of the Gym-The National,The National
64,148.0,402.0,0.36815920398,11,0.514925373134,3.38805970149,0.8576,0.184,0.614,0.202,0.143203883495,0.165048543689,0.0922330097087,0.0,0.0,0.0,0.223300970874,0.0631067961165,0.0,0.0,0.0,Don't Swallow the Cap-The National,The National
65,86.0,211.0,0.407582938389,9,0.483412322275,3.11374407583,0.7717,0.088,0.806,0.106,0.139534883721,0.209302325581,0.0279069767442,0.0,0.0,0.0,0.260465116279,0.0186046511628,0.0046511627907,0.0,0.0,Born to Beg-The National,The National
66,65.0,215.0,0.302325581395,3,0.53023255814,3.23720930233,-0.9622,0.199,0.716,0.086,0.183035714286,0.214285714286,0.0401785714286,0.0,0.0,0.0,0.236607142857,0.0535714285714,0.0,0.0,0.00892857142857,Guilty Party-The National,The National
67,89.0,210.0,0.42380952381,8,0.519047619048,3.54285714286,-0.9475,0.165,0.741,0.093,0.199052132701,0.184834123223,0.0900473933649,0.0,0.0,0.0,0.218009478673,0.0379146919431,0.0,0.0,0.0,Carin at the Liquor Store-The National,The National
68,115.0,320.0,0.359375,12,0.46875,3.1875,-0.9975,0.264,0.69,0.046,0.142857142857,0.185410334347,0.0790273556231,0.0,0.0,0.0,0.218844984802,0.0334346504559,0.00303951367781,0.0,0.00303951367781,Day I Die-The National,The National
69,58.0,248.0,0.233870967742,1,0.5,3.12096774194,0.9823,0.018,0.834,0.149,0.238095238095,0.18253968254,0.0793650793651,0.0,0.0,0.00793650793651,0.174603174603,0.0,0.0,0.0,0.0,Bloodbuzz Ohio-The National,The National
70,75.0,223.0,0.336322869955,5,0.479820627803,3.32735426009,-0.4449,0.087,0.831,0.082,0.168103448276,0.25,0.0344827586207,0.0,0.0,0.0,0.228448275862,0.0775862068966,0.0431034482759,0.0,0.00431034482759,I Need My Girl-The National,The National
71,142.0,480.0,0.295833333333,13,0.439583333333,3.51458333333,-0.9714,0.085,0.883,0.032,0.151696606786,0.177644710579,0.0878243512974,0.00199600798403,0.0,0.0,0.249500998004,0.0339321357285,0.0,0.0,0.00199600798403,Pink Rabbits-The National,The National
72,57.0,142.0,0.401408450704,4,0.422535211268,3.05633802817,0.1428,0.055,0.886,0.059,0.18954248366,0.0849673202614,0.117647058824,0.0,0.0,0.0,0.130718954248,0.0392156862745,0.0,0.0,0.0,The Rains of Castamere-The National,The National
73,167.0,464.0,0.359913793103,16,0.566810344828,3.36853448276,0.9905,0.048,0.807,0.145,0.0975609756098,0.178861788618,0.099593495935,0.0020325203252,0.0,0.00813008130081,0.231707317073,0.0447154471545,0.010162601626,0.0,0.0,Walk It Back-The National,The National
74,58.0,179.0,0.324022346369,6,0.458100558659,3.40782122905,0.9337,0.073,0.784,0.143,0.268156424581,0.145251396648,0.0391061452514,0.0,0.0,0.0,0.178770949721,0.0893854748603,0.0,0.0,0.0,Draw Your Swords-Angus and Julia Stone,Angus and Julia Stone
75,75.0,255.0,0.294117647059,4,0.478431372549,2.98039215686,0.6966,0.044,0.868,0.088,0.136186770428,0.221789883268,0.0661478599222,0.0,0.0,0.0,0.260700389105,0.0350194552529,0.0,0.0,0.00389105058366,Just a Boy-Angus and Julia Stone,Angus and Julia Stone
76,40.0,211.0,0.189573459716,1,0.677725118483,2.72985781991,0.7964,0.037,0.884,0.079,0.380090497738,0.0950226244344,0.00904977375566,0.0,0.0,0.0,0.122171945701,0.0588235294118,0.00452488687783,0.0,0.0,Big Jet Plane (Radio Edit)-Angus and Julia Stone,Angus and Julia Stone
77,52.0,216.0,0.240740740741,3,0.402777777778,3.23148148148,-0.2787,0.022,0.956,0.022,0.0762331838565,0.224215246637,0.152466367713,0.0,0.0,0.0,0.183856502242,0.0403587443946,0.0,0.0,0.0,I'm Not Yours-Angus and Julia Stone,Angus and Julia Stone
78,72.0,207.0,0.347826086957,7,0.545893719807,3.78260869565,0.9282,0.014,0.898,0.088,0.209523809524,0.17619047619,0.109523809524,0.0,0.0,0.0,0.185714285714,0.00952380952381,0.0,0.0,0.0,Santa Monica Dream-Angus and Julia Stone,Angus and Julia Stone
79,73.0,253.0,0.288537549407,4,0.450592885375,3.25691699605,0.4993,0.054,0.854,0.091,0.0851851851852,0.222222222222,0.0592592592593,0.0,0.0,0.0,0.288888888889,0.0481481481481,0.0,0.0037037037037,0.0,For What It's Worth-Angus and Julia Stone,Angus and Julia Stone
80,26.0,99.0,0.262626262626,1,0.494949494949,3.69696969697,0.1901,0.301,0.428,0.271,0.257425742574,0.188118811881,0.0594059405941,0.0,0.0,0.0,0.237623762376,0.0,0.0,0.0,0.0,A Heartbreak-Angus and Julia Stone,Angus and Julia Stone
81,66.0,204.0,0.323529411765,5,0.56862745098,3.36764705882,-0.9942,0.277,0.653,0.07,0.212264150943,0.169811320755,0.0377358490566,0.0,0.0,0.00471698113208,0.160377358491,0.0424528301887,0.0,0.0,0.00943396226415,The Devil's Tears-Angus and Julia Stone,Angus and Julia Stone
82,49.0,249.0,0.196787148594,0,0.510040160643,3.07630522088,0.9889,0.006,0.836,0.157,0.0632411067194,0.280632411067,0.0711462450593,0.0,0.0,0.0,0.201581027668,0.0434782608696,0.0,0.0,0.0,For You-Angus and Julia Stone,Angus and Julia Stone
83,92.0,258.0,0.356589147287,5,0.480620155039,3.56976744186,-0.6199,0.063,0.863,0.074,0.137404580153,0.141221374046,0.110687022901,0.0,0.0,0.0,0.24427480916,0.0114503816794,0.0,0.0,0.00381679389313,Snow-Angus and Julia Stone,Angus and Julia Stone
84,64.0,193.0,0.331606217617,3,0.544041450777,2.99481865285,0.8541,0.0,0.94,0.06,0.271111111111,0.2,0.0577777777778,0.0,0.0,0.00444444444444,0.177777777778,0.0266666666667,0.0,0.0,0.00444444444444,Grizzly Bear-Angus and Julia Stone,Angus and Julia Stone
85,66.0,186.0,0.354838709677,4,0.655913978495,3.16666666667,0.9876,0.026,0.708,0.266,0.19696969697,0.161616161616,0.030303030303,0.0,0.0,0.040404040404,0.186868686869,0.0757575757576,0.020202020202,0.0,0.0,You're the One That I Want-Angus and Julia Stone,Angus and Julia Stone
86,94.0,392.0,0.239795918367,6,0.52806122449,3.35714285714,0.9853,0.018,0.863,0.119,0.102040816327,0.176020408163,0.130102040816,0.0,0.0,0.0,0.30612244898,0.00765306122449,0.0,0.00255102040816,0.0,Chateau-Angus and Julia Stone,Angus and Julia Stone
87,90.0,247.0,0.364372469636,3,0.417004048583,3.23481781377,0.9783,0.012,0.86,0.128,0.131474103586,0.219123505976,0.0637450199203,0.0,0.0,0.0,0.243027888446,0.0239043824701,0.0,0.0,0.00796812749004,Wherever You Are-Angus and Julia Stone,Angus and Julia Stone
88,46.0,224.0,0.205357142857,2,0.660714285714,2.84375,0.5106,0.057,0.871,0.073,0.358974358974,0.115384615385,0.00854700854701,0.0,0.0,0.0,0.132478632479,0.0641025641026,0.0042735042735,0.0,0.0,Big Jet Plane-Angus and Julia Stone,Angus and Julia Stone
89,129.0,236.0,0.546610169492,12,0.563559322034,3.92372881356,-0.6771,0.058,0.908,0.034,0.205761316872,0.131687242798,0.0740740740741,0.0,0.0,0.0,0.242798353909,0.0411522633745,0.0,0.0,0.0,Caring Is Creepy-The Shins,The Shins
90,142.0,320.0,0.44375,6,0.496875,3.4,0.9769,0.07,0.777,0.153,0.160606060606,0.145454545455,0.0666666666667,0.0,0.0,0.0,0.190909090909,0.0545454545455,0.0,0.0,0.00606060606061,Simple Song-The Shins,The Shins
91,95.0,193.0,0.492227979275,9,0.481865284974,3.73575129534,0.9169,0.03,0.87,0.1,0.171717171717,0.151515151515,0.0505050505051,0.0,0.0,0.0,0.237373737374,0.0555555555556,0.0,0.0,0.00505050505051,Kissing the Lipless-The Shins,The Shins
92,150.0,265.0,0.566037735849,11,0.452830188679,3.63018867925,-0.4137,0.077,0.86,0.063,0.227106227106,0.0805860805861,0.043956043956,0.0,0.0,0.00732600732601,0.161172161172,0.0769230769231,0.0,0.0,0.003663003663,No Way Down-The Shins,The Shins
93,127.0,206.0,0.616504854369,9,0.553398058252,3.89805825243,0.1526,0.051,0.88,0.068,0.21327014218,0.156398104265,0.0947867298578,0.0,0.0,0.0,0.184834123223,0.0568720379147,0.0,0.0,0.0,The Rifle's Spiral-The Shins,The Shins
94,95.0,168.0,0.565476190476,7,0.511904761905,3.90476190476,0.0,0.069,0.861,0.069,0.225274725275,0.153846153846,0.043956043956,0.0,0.0,0.0,0.17032967033,0.0769230769231,0.0,0.0,0.0,Sleeping Lessons-The Shins,The Shins
95,182.0,321.0,0.566978193146,19,0.473520249221,3.6230529595,-0.5667,0.137,0.745,0.118,0.164133738602,0.148936170213,0.09726443769,0.0,0.00303951367781,0.00303951367781,0.206686930091,0.0516717325228,0.00607902735562,0.00303951367781,0.00303951367781,Turn on Me-The Shins,The Shins
96,146.0,237.0,0.616033755274,14,0.481012658228,3.58227848101,0.34,0.066,0.853,0.081,0.229508196721,0.094262295082,0.0655737704918,0.0,0.0,0.00409836065574,0.16393442623,0.077868852459,0.00409836065574,0.0,0.0,Pink Bullets-The Shins,The Shins
97,186.0,346.0,0.537572254335,10,0.526011560694,3.39306358382,0.381,0.082,0.839,0.079,0.162534435262,0.137741046832,0.0495867768595,0.0,0.0,0.0,0.201101928375,0.0385674931129,0.00275482093664,0.0,0.0,Australia-The Shins,The Shins
98,123.0,252.0,0.488095238095,14,0.503968253968,3.33333333333,0.7094,0.101,0.757,0.142,0.196911196911,0.138996138996,0.0579150579151,0.003861003861,0.0,0.0,0.169884169884,0.011583011583,0.0,0.0,0.0,New Slang-The Shins,The Shins
99,140.0,272.0,0.514705882353,19,0.584558823529,3.46691176471,-0.7837,0.077,0.88,0.043,0.223776223776,0.0804195804196,0.0664335664336,0.0,0.0,0.0,0.118881118881,0.0244755244755,0.0,0.0,0.0034965034965,Phantom Limb-The Shins,The Shins
100,107.0,195.0,0.548717948718,12,0.538461538462,4.27179487179,-0.93,0.146,0.768,0.086,0.324873096447,0.0761421319797,0.0406091370558,0.0,0.0,0.0,0.0913705583756,0.0913705583756,0.0,0.0,0.00507614213198,Dead Alive-The Shins,The Shins
101,145.0,236.0,0.614406779661,11,0.495762711864,3.66101694915,-0.9575,0.162,0.75,0.088,0.263374485597,0.123456790123,0.0452674897119,0.0,0.0,0.0,0.16049382716,0.0452674897119,0.0,0.0082304526749,0.0082304526749,A Comet Appears-The Shins,The Shins
102,117.0,287.0,0.407665505226,6,0.470383275261,3.37282229965,0.968,0.036,0.844,0.12,0.19,0.14,0.0366666666667,0.00333333333333,0.0,0.0,0.206666666667,0.0266666666667,0.0,0.0,0.00333333333333,Name for You-The Shins,The Shins
103,135.0,241.0,0.560165975104,12,0.49377593361,3.66804979253,0.9413,0.078,0.777,0.145,0.229249011858,0.134387351779,0.0711462450593,0.0,0.0,0.0,0.142292490119,0.0750988142292,0.0,0.0,0.00790513833992,September-The Shins,The Shins
104,51.0,249.0,0.204819277108,3,0.590361445783,3.74297188755,-0.9975,0.255,0.745,0.0,0.292490118577,0.0869565217391,0.00790513833992,0.0,0.0,0.0276679841897,0.154150197628,0.0434782608696,0.0,0.0,0.0,Heads Will Roll-Yeah Yeah Yeahs,Yeah Yeah Yeahs
105,52.0,155.0,0.335483870968,3,0.6,3.23225806452,0.5707,0.07,0.831,0.099,0.245161290323,0.135483870968,0.0516129032258,0.0,0.0,0.0,0.270967741935,0.058064516129,0.0,0.0,0.0,Cold Light-Yeah Yeah Yeahs,Yeah Yeah Yeahs
106,71.0,243.0,0.292181069959,7,0.658436213992,3.20987654321,-0.25,0.034,0.942,0.024,0.263374485597,0.139917695473,0.0082304526749,0.0,0.0,0.0,0.172839506173,0.0576131687243,0.0,0.0,0.00411522633745,Gold Lion-Yeah Yeah Yeahs,Yeah Yeah Yeahs
107,54.0,289.0,0.186851211073,3,0.536332179931,3.89273356401,0.9774,0.058,0.812,0.13,0.139534883721,0.179401993355,0.0332225913621,0.0,0.0,0.0,0.1926910299,0.0863787375415,0.0265780730897,0.0,0.0,Cheated Hearts-Yeah Yeah Yeahs,Yeah Yeah Yeahs
108,60.0,353.0,0.169971671388,2,0.603399433428,3.09348441926,-0.961,0.125,0.806,0.069,0.183844011142,0.142061281337,0.0389972144847,0.008356545961,0.0,0.016713091922,0.181058495822,0.008356545961,0.008356545961,0.0,0.0,Zero-Yeah Yeah Yeahs,Yeah Yeah Yeahs
109,45.0,175.0,0.257142857143,2,0.662857142857,3.29714285714,-0.9802,0.269,0.6,0.131,0.204301075269,0.118279569892,0.0698924731183,0.0,0.0,0.0,0.231182795699,0.0483870967742,0.0,0.0,0.0,Runaway-Yeah Yeah Yeahs,Yeah Yeah Yeahs
110,44.0,147.0,0.299319727891,2,0.632653061224,3.05442176871,-0.5267,0.137,0.826,0.037,0.228758169935,0.18954248366,0.0326797385621,0.0,0.0,0.0,0.169934640523,0.0326797385621,0.0,0.0,0.0,Soft Shock-Yeah Yeah Yeahs,Yeah Yeah Yeahs
111,24.0,74.0,0.324324324324,1,0.716216216216,3.5,0.9926,0.0,0.542,0.458,0.423076923077,0.141025641026,0.0897435897436,0.0,0.0,0.0,0.179487179487,0.0128205128205,0.0,0.0,0.0,Skeletons-Yeah Yeah Yeahs,Yeah Yeah Yeahs
112,45.0,177.0,0.254237288136,3,0.576271186441,3.43502824859,0.9559,0.084,0.742,0.174,0.266666666667,0.116666666667,0.0611111111111,0.0,0.0,0.0166666666667,0.188888888889,0.05,0.0,0.0,0.0,Y Control-Yeah Yeah Yeahs,Yeah Yeah Yeahs
113,85.0,205.0,0.414634146341,7,0.653658536585,3.81951219512,0.9421,0.144,0.655,0.201,0.231132075472,0.160377358491,0.108490566038,0.0,0.0,0.0,0.202830188679,0.0424528301887,0.0,0.0,0.00471698113208,"Kiss, Kiss-Yeah Yeah Yeahs",Yeah Yeah Yeahs
114,36.0,287.0,0.12543554007,2,0.637630662021,3.57142857143,-0.6369,0.03,0.97,0.0,0.19801980198,0.204620462046,0.00660066006601,0.0,0.0,0.0,0.19801980198,0.0594059405941,0.0,0.0,0.0,Sacrilege-Yeah Yeah Yeahs,Yeah Yeah Yeahs
115,62.0,236.0,0.262711864407,6,0.648305084746,3.30084745763,-0.999,0.441,0.543,0.015,0.268907563025,0.180672268908,0.0168067226891,0.0,0.0,0.0,0.197478991597,0.0168067226891,0.0,0.0,0.0,Date With The Night-Yeah Yeah Yeahs,Yeah Yeah Yeahs
116,29.0,216.0,0.134259259259,0,0.657407407407,2.82407407407,-0.9988,0.487,0.505,0.008,0.0896860986547,0.251121076233,0.0717488789238,0.0,0.0,0.0313901345291,0.309417040359,0.00896860986547,0.0,0.0,0.0,Maps-Yeah Yeah Yeahs,Yeah Yeah Yeahs
117,71.0,275.0,0.258181818182,3,0.523636363636,3.54545454545,-0.9904,0.182,0.776,0.042,0.255244755245,0.164335664336,0.0244755244755,0.0034965034965,0.0,0.0,0.216783216783,0.048951048951,0.0,0.0,0.0,Dull Life-Yeah Yeah Yeahs,Yeah Yeah Yeahs
118,67.0,225.0,0.297777777778,6,0.613333333333,3.35555555556,-0.9692,0.123,0.841,0.037,0.279475982533,0.165938864629,0.0262008733624,0.0,0.0,0.0,0.139737991266,0.0262008733624,0.0,0.0,0.0,10 X 10-Yeah Yeah Yeahs,Yeah Yeah Yeahs
119,108.0,232.0,0.465517241379,7,0.474137931034,3.81896551724,0.8756,0.081,0.803,0.117,0.118644067797,0.207627118644,0.0932203389831,0.0,0.0,0.0,0.241525423729,0.0720338983051,0.00847457627119,0.0,0.0,When You Were Young-The Killers,The Killers
120,165.0,416.0,0.396634615385,8,0.569711538462,3.18028846154,0.9101,0.045,0.879,0.076,0.1536643026,0.186761229314,0.0661938534279,0.0,0.0,0.016548463357,0.200945626478,0.0354609929078,0.0,0.0,0.00236406619385,Runaways-The Killers,The Killers
121,139.0,316.0,0.439873417722,6,0.541139240506,3.31329113924,0.5794,0.079,0.833,0.088,0.183486238532,0.183486238532,0.0672782874618,0.0,0.0,0.00611620795107,0.211009174312,0.0519877675841,0.0,0.00305810397554,0.0,Read My Mind-The Killers,The Killers
122,122.0,330.0,0.369696969697,6,0.493939393939,3.47575757576,0.9954,0.034,0.791,0.175,0.168639053254,0.171597633136,0.085798816568,0.0,0.0,0.0,0.213017751479,0.0325443786982,0.00295857988166,0.0,0.0,Just Another Girl-The Killers,The Killers
123,139.0,356.0,0.390449438202,11,0.533707865169,3.35674157303,0.2328,0.1,0.798,0.102,0.190217391304,0.133152173913,0.0815217391304,0.00271739130435,0.0,0.0,0.241847826087,0.0434782608696,0.00271739130435,0.0,0.00271739130435,Run for Cover-The Killers,The Killers
124,93.0,261.0,0.35632183908,5,0.570881226054,3.66666666667,0.2709,0.124,0.753,0.124,0.185185185185,0.151851851852,0.111111111111,0.0,0.0,0.0,0.207407407407,0.0481481481481,0.0,0.0,0.0,Somebody Told Me-The Killers,The Killers
125,101.0,456.0,0.22149122807,3,0.535087719298,3.00219298246,0.9387,0.0,0.944,0.056,0.218614718615,0.160173160173,0.030303030303,0.0,0.0,0.0,0.227272727273,0.0108225108225,0.0,0.0,0.0,The Man-The Killers,The Killers
126,98.0,325.0,0.301538461538,8,0.483076923077,3.32923076923,-0.966,0.149,0.746,0.105,0.148367952522,0.195845697329,0.0830860534125,0.0,0.0,0.0,0.261127596439,0.0178041543027,0.0,0.0,0.0,Mr. Brightside-The Killers,The Killers
127,58.0,262.0,0.221374045802,7,0.496183206107,3.51145038168,-0.7745,0.052,0.927,0.021,0.239543726236,0.106463878327,0.0342205323194,0.0,0.0,0.0,0.163498098859,0.0304182509506,0.0,0.0,0.0,Shot at the Night-The Killers,The Killers
128,100.0,270.0,0.37037037037,7,0.462962962963,3.45925925926,0.9887,0.038,0.793,0.169,0.167883211679,0.21897810219,0.0328467153285,0.0,0.0,0.0,0.233576642336,0.0875912408759,0.0,0.00729927007299,0.0036496350365,Human-The Killers,The Killers
129,102.0,299.0,0.341137123746,5,0.585284280936,3.96321070234,0.9957,0.08,0.661,0.259,0.28253968254,0.104761904762,0.0571428571429,0.0,0.0,0.0,0.177777777778,0.047619047619,0.0,0.0,0.0126984126984,Wonderful Wonderful-The Killers,The Killers
130,80.0,146.0,0.547945205479,3,0.506849315068,3.64383561644,0.9882,0.029,0.699,0.272,0.208053691275,0.201342281879,0.0335570469799,0.0,0.0,0.00671140939597,0.208053691275,0.0201342281879,0.0,0.0,0.0,Smile Like You Mean It-The Killers,The Killers
131,118.0,461.0,0.255965292842,5,0.553145336226,3.04555314534,0.8452,0.067,0.834,0.099,0.15611814346,0.175105485232,0.0696202531646,0.0,0.0,0.0126582278481,0.225738396624,0.0189873417722,0.0084388185654,0.0,0.0084388185654,All These Things That I've Done-The Killers,The Killers
132,129.0,283.0,0.455830388693,6,0.448763250883,3.45583038869,-0.3421,0.098,0.842,0.06,0.167808219178,0.215753424658,0.106164383562,0.0,0.0,0.0,0.222602739726,0.0171232876712,0.0,0.0,0.0102739726027,Here With Me-The Killers,The Killers
133,176.0,374.0,0.470588235294,17,0.51871657754,3.63368983957,0.9849,0.103,0.724,0.173,0.1875,0.153645833333,0.0390625,0.0,0.0,0.0,0.21875,0.0703125,0.0,0.00260416666667,0.0078125,Miss Atomic Bomb-The Killers,The Killers
134,129.0,253.0,0.509881422925,16,0.533596837945,3.37549407115,-0.9828,0.179,0.759,0.062,0.167315175097,0.175097276265,0.0700389105058,0.00389105058366,0.0,0.0,0.256809338521,0.0466926070039,0.00389105058366,0.0,0.00389105058366,Go Home-Julien Baker,Julien Baker
135,107.0,169.0,0.633136094675,7,0.479289940828,3.66863905325,-0.9517,0.183,0.73,0.087,0.151685393258,0.174157303371,0.0393258426966,0.0,0.0,0.0,0.213483146067,0.0561797752809,0.00561797752809,0.0,0.0112359550562,Funeral Pyre-Julien Baker,Julien Baker
136,103.0,263.0,0.391634980989,7,0.403041825095,3.15969581749,-0.1358,0.051,0.896,0.053,0.062962962963,0.225925925926,0.103703703704,0.0,0.0,0.00740740740741,0.292592592593,0.0111111111111,0.0037037037037,0.0,0.0,Appointments-Julien Baker,Julien Baker
137,70.0,150.0,0.466666666667,3,0.553333333333,3.33333333333,0.8748,0.04,0.837,0.123,0.114649681529,0.203821656051,0.031847133758,0.0,0.0,0.0,0.305732484076,0.0700636942675,0.00636942675159,0.0,0.0,Everybody Does-Julien Baker,Julien Baker
138,95.0,159.0,0.59748427673,9,0.528301886792,3.52830188679,0.9769,0.054,0.73,0.216,0.190476190476,0.196428571429,0.0357142857143,0.0,0.0,0.0,0.232142857143,0.0238095238095,0.0,0.0,0.0119047619048,Rejoice-Julien Baker,Julien Baker
139,94.0,171.0,0.549707602339,7,0.479532163743,3.38596491228,0.4144,0.072,0.839,0.088,0.21546961326,0.187845303867,0.0331491712707,0.0,0.0,0.00552486187845,0.182320441989,0.0165745856354,0.0,0.0,0.00552486187845,Blacktop-Julien Baker,Julien Baker
140,108.0,169.0,0.639053254438,6,0.467455621302,3.55621301775,-0.9248,0.154,0.773,0.073,0.153409090909,0.193181818182,0.0625,0.00568181818182,0.0,0.0,0.170454545455,0.119318181818,0.00568181818182,0.00568181818182,0.0,Good News-Julien Baker,Julien Baker
141,81.0,114.0,0.710526315789,8,0.59649122807,3.75438596491,-0.8336,0.218,0.63,0.152,0.271186440678,0.118644067797,0.0423728813559,0.0,0.0,0.0,0.169491525424,0.101694915254,0.0,0.0,0.0,Brittle Boned-Julien Baker,Julien Baker
142,81.0,161.0,0.503105590062,3,0.428571428571,3.32919254658,-0.902,0.121,0.837,0.042,0.115151515152,0.163636363636,0.10303030303,0.0,0.0,0.0,0.218181818182,0.0181818181818,0.00606060606061,0.0,0.0242424242424,Turn Out the Lights-Julien Baker,Julien Baker
143,67.0,99.0,0.676767676768,5,0.666666666667,3.72727272727,-0.6582,0.132,0.794,0.074,0.22641509434,0.122641509434,0.103773584906,0.0,0.0,0.0,0.169811320755,0.0566037735849,0.0,0.0,0.0,Sprained Ankle-Julien Baker,Julien Baker
144,59.0,72.0,0.819444444444,5,0.597222222222,4.06944444444,0.8689,0.058,0.776,0.166,0.351351351351,0.189189189189,0.0405405405405,0.0,0.0,0.0,0.121621621622,0.0945945945946,0.0,0.0,0.0,Vessels-Julien Baker,Julien Baker
145,82.0,235.0,0.348936170213,1,0.489361702128,3.03829787234,-0.2076,0.039,0.931,0.03,0.150627615063,0.209205020921,0.092050209205,0.0,0.0,0.0,0.125523012552,0.0251046025105,0.0,0.0,0.00836820083682,How It Gets In-Julien Baker,Julien Baker
146,98.0,247.0,0.396761133603,11,0.635627530364,3.7044534413,-0.264,0.029,0.947,0.024,0.2109375,0.171875,0.1015625,0.0,0.0,0.0,0.21484375,0.00390625,0.0,0.0,0.0,Something-Julien Baker,Julien Baker
147,124.0,258.0,0.480620155039,7,0.527131782946,3.5,0.4181,0.077,0.838,0.085,0.225563909774,0.191729323308,0.0413533834586,0.00375939849624,0.0,0.00375939849624,0.191729323308,0.0338345864662,0.00375939849624,0.0,0.0,Sour Breath-Julien Baker,Julien Baker
148,81.0,146.0,0.554794520548,10,0.493150684932,3.71917808219,-0.4404,0.04,0.941,0.019,0.256097560976,0.103658536585,0.0609756097561,0.0,0.0,0.0,0.231707317073,0.00609756097561,0.0,0.0,0.0,Everything That Helps You Sleep-Julien Baker,Julien Baker
149,101.0,347.0,0.291066282421,5,0.475504322767,3.11239193084,0.4724,0.054,0.879,0.067,0.204610951009,0.106628242075,0.0662824207493,0.0,0.0,0.014409221902,0.149855907781,0.0605187319885,0.00576368876081,0.0,0.0,Breath Of Life-florence and the machine,florence and the machine
150,116.0,400.0,0.29,9,0.555,3.74,-0.4466,0.107,0.817,0.076,0.16864608076,0.209026128266,0.0403800475059,0.0,0.0,0.0,0.232779097387,0.0688836104513,0.00237529691211,0.0,0.0,Without You-Oh Wonder,Oh Wonder
151,95.0,464.0,0.20474137931,4,0.521551724138,3.1724137931,-0.9144,0.057,0.92,0.023,0.0927835051546,0.20824742268,0.0845360824742,0.0,0.0,0.0,0.354639175258,0.0123711340206,0.0,0.0,0.0,Plans-Oh Wonder,Oh Wonder
152,60.0,316.0,0.189873417722,1,0.53164556962,3.34810126582,0.9944,0.018,0.771,0.211,0.14375,0.234375,0.128125,0.0,0.0,0.0,0.1875,0.08125,0.0,0.0,0.0,White Blood-Oh Wonder,Oh Wonder
153,116.0,429.0,0.270396270396,7,0.559440559441,3.71794871795,0.6359,0.081,0.845,0.074,0.174311926606,0.174311926606,0.0871559633028,0.0,0.0,0.00229357798165,0.188073394495,0.0504587155963,0.00917431192661,0.0,0.0045871559633,Ultralife-Oh Wonder,Oh Wonder
154,79.0,247.0,0.31983805668,5,0.51012145749,3.68016194332,0.9264,0.069,0.802,0.128,0.3,0.134615384615,0.00769230769231,0.0,0.0,0.0,0.146153846154,0.0269230769231,0.0,0.0,0.0,Technicolour Beat-Oh Wonder,Oh Wonder
155,113.0,429.0,0.263403263403,7,0.477855477855,3.21212121212,0.999,0.155,0.515,0.33,0.0751708428246,0.234624145786,0.0797266514806,0.0,0.0,0.00683371298405,0.284738041002,0.0387243735763,0.0,0.0,0.00227790432802,Drive-Oh Wonder,Oh Wonder
156,67.0,271.0,0.247232472325,2,0.557195571956,3.0036900369,0.9924,0.038,0.781,0.181,0.2,0.171929824561,0.0385964912281,0.0,0.0,0.0,0.231578947368,0.0350877192982,0.0,0.0,0.0,Shark-Oh Wonder,Oh Wonder
157,113.0,432.0,0.261574074074,6,0.685185185185,3.61574074074,-0.8194,0.054,0.901,0.045,0.15350877193,0.140350877193,0.0372807017544,0.0,0.0,0.0,0.276315789474,0.111842105263,0.0,0.0,0.0,High On Humans-Oh Wonder,Oh Wonder
158,104.0,350.0,0.297142857143,18,0.508571428571,3.68285714286,0.9521,0.03,0.893,0.077,0.153005464481,0.122950819672,0.0273224043716,0.0,0.0,0.0,0.300546448087,0.0218579234973,0.00546448087432,0.0,0.0,Solo-Oh Wonder,Oh Wonder
159,44.0,281.0,0.156583629893,1,0.345195729537,2.74733096085,-0.6808,0.073,0.886,0.041,0.113402061856,0.158075601375,0.085910652921,0.0,0.0,0.0,0.374570446735,0.0240549828179,0.0,0.0,0.0,All We Do-Oh Wonder,Oh Wonder
160,86.0,332.0,0.259036144578,7,0.560240963855,3.15662650602,0.8053,0.096,0.803,0.1,0.173913043478,0.191304347826,0.063768115942,0.0,0.0,0.0144927536232,0.191304347826,0.0550724637681,0.0260869565217,0.0,0.0,Livewire-Oh Wonder,Oh Wonder
161,84.0,515.0,0.163106796117,4,0.394174757282,3.2213592233,-0.8847,0.085,0.855,0.06,0.0600775193798,0.255813953488,0.0910852713178,0.0,0.0,0.0,0.218992248062,0.0116279069767,0.0,0.0,0.0,Landslide-Oh Wonder,Oh Wonder
162,98.0,416.0,0.235576923077,10,0.545673076923,3.36057692308,0.9966,0.027,0.801,0.172,0.175115207373,0.170506912442,0.0783410138249,0.0,0.0,0.00460829493088,0.195852534562,0.0529953917051,0.0,0.0,0.0,Lifetimes-Oh Wonder,Oh Wonder
163,99.0,453.0,0.218543046358,5,0.512141280353,3.10154525386,-0.9987,0.249,0.747,0.004,0.139830508475,0.275423728814,0.0720338983051,0.0,0.0,0.0,0.262711864407,0.00423728813559,0.0,0.0,0.0,Lose It-Oh Wonder,Oh Wonder
164,100.0,373.0,0.268096514745,6,0.552278820375,3.59517426273,-0.9792,0.134,0.801,0.065,0.235602094241,0.130890052356,0.0549738219895,0.0,0.0,0.0,0.170157068063,0.0261780104712,0.00261780104712,0.0,0.00261780104712,Dazzle-Oh Wonder,Oh Wonder
165,103.0,241.0,0.427385892116,3,0.502074688797,3.88381742739,0.5859,0.023,0.93,0.048,0.145669291339,0.251968503937,0.0511811023622,0.0,0.0,0.0,0.224409448819,0.0354330708661,0.00393700787402,0.0,0.0,Lungs-CHVRCHES,CHVRCHES
166,82.0,262.0,0.312977099237,1,0.519083969466,3.5572519084,0.6597,0.012,0.941,0.047,0.080985915493,0.207746478873,0.130281690141,0.0,0.0,0.0,0.225352112676,0.0528169014085,0.00352112676056,0.0,0.00352112676056,Clearest Blue-CHVRCHES,CHVRCHES
167,73.0,524.0,0.139312977099,1,0.374045801527,3.11641221374,-0.296,0.005,0.995,0.0,0.0477064220183,0.229357798165,0.0862385321101,0.0,0.0,0.0,0.214678899083,0.0403669724771,0.0,0.0,0.0,Down Side of Me-CHVRCHES,CHVRCHES
168,99.0,201.0,0.492537313433,6,0.52736318408,3.2736318408,-0.4107,0.06,0.902,0.038,0.143497757848,0.14798206278,0.121076233184,0.0,0.0,0.0,0.219730941704,0.00896860986547,0.0,0.0,0.00448430493274,Under the Tide-CHVRCHES,CHVRCHES
169,99.0,309.0,0.320388349515,9,0.504854368932,2.98058252427,-0.9618,0.176,0.719,0.105,0.139682539683,0.215873015873,0.0349206349206,0.0,0.0,0.0,0.177777777778,0.0761904761905,0.0,0.0031746031746,0.0,We Sink-CHVRCHES,CHVRCHES
170,99.0,461.0,0.214750542299,5,0.472885032538,3.02603036876,0.9627,0.139,0.708,0.153,0.118644067797,0.209745762712,0.0974576271186,0.0,0.0,0.0,0.235169491525,0.0275423728814,0.0021186440678,0.0,0.00635593220339,Gun-CHVRCHES,CHVRCHES
171,72.0,104.0,0.692307692308,2,0.451923076923,3.48076923077,-0.0258,0.039,0.913,0.048,0.159292035398,0.176991150442,0.0530973451327,0.0,0.0,0.0,0.29203539823,0.00884955752212,0.0,0.0,0.0176991150442,Tether-CHVRCHES,CHVRCHES
172,58.0,343.0,0.169096209913,3,0.504373177843,3.25072886297,0.5803,0.0,0.98,0.02,0.0619718309859,0.276056338028,0.056338028169,0.0,0.0,0.0,0.261971830986,0.0169014084507,0.0,0.0,0.0,Bury It-CHVRCHES,CHVRCHES
173,72.0,313.0,0.230031948882,3,0.402555910543,3.31309904153,0.9638,0.028,0.871,0.101,0.122699386503,0.245398773006,0.0552147239264,0.0,0.0,0.0,0.242331288344,0.0460122699387,0.0184049079755,0.0,0.0,Recover-CHVRCHES,CHVRCHES
174,91.0,286.0,0.318181818182,6,0.632867132867,3.24125874126,0.7076,0.119,0.725,0.157,0.162629757785,0.21107266436,0.038062283737,0.00346020761246,0.0,0.0,0.214532871972,0.0276816608997,0.0,0.0,0.0,Lies-CHVRCHES,CHVRCHES
175,110.0,411.0,0.267639902676,4,0.47201946472,3.24817518248,0.9974,0.053,0.735,0.213,0.130434782609,0.222222222222,0.0555555555556,0.0,0.0048309178744,0.0,0.265700483092,0.0265700483092,0.0,0.0,0.0048309178744,Leave a Trace-CHVRCHES,CHVRCHES
176,64.0,339.0,0.188790560472,1,0.451327433628,3.12979351032,-0.9935,0.164,0.788,0.048,0.124653739612,0.224376731302,0.0720221606648,0.0,0.0,0.0,0.210526315789,0.0775623268698,0.0,0.0,0.00277008310249,Dead Air-CHVRCHES,CHVRCHES
177,96.0,485.0,0.19793814433,10,0.616494845361,3.40618556701,0.9939,0.025,0.813,0.161,0.173996175908,0.168260038241,0.0803059273423,0.0,0.0,0.0,0.181644359465,0.0267686424474,0.0,0.0,0.0,Keep You on My Side-CHVRCHES,CHVRCHES
178,98.0,262.0,0.374045801527,5,0.461832061069,3.65267175573,0.9161,0.077,0.799,0.123,0.151624548736,0.198555956679,0.0758122743682,0.0,0.0,0.0,0.194945848375,0.043321299639,0.0,0.0,0.0,The Mother We Share-CHVRCHES,CHVRCHES
179,11.0,118.0,0.0932203389831,0,0.635593220339,3.38983050847,0.7906,0.0,0.878,0.122,0.0390625,0.109375,0.0,0.0,0.0,0.0,0.3359375,0.078125,0.0,0.0,0.0,Tether (Eric Prydz Vs. CHVRCHES) - Radio Edit-CHVRCHES,CHVRCHES
180,109.0,220.0,0.495454545455,5,0.459090909091,3.36818181818,0.9694,0.094,0.739,0.167,0.151111111111,0.195555555556,0.0755555555556,0.00444444444444,0.0,0.0,0.173333333333,0.0444444444444,0.00444444444444,0.00444444444444,0.0,Under Cover of Darkness-The Strokes,The Strokes
181,87.0,147.0,0.591836734694,3,0.530612244898,3.42857142857,0.695,0.052,0.834,0.114,0.158940397351,0.198675496689,0.0993377483444,0.0,0.0,0.0,0.264900662252,0.0264900662252,0.0132450331126,0.0,0.00662251655629,12:51-The Strokes,The Strokes
182,77.0,184.0,0.41847826087,6,0.45652173913,3.17391304348,-0.9664,0.184,0.763,0.053,0.0802139037433,0.251336898396,0.160427807487,0.0,0.0,0.0,0.262032085561,0.0213903743316,0.0,0.0,0.0,Is This It-The Strokes,The Strokes
183,75.0,245.0,0.30612244898,3,0.575510204082,3.23265306122,0.9139,0.025,0.873,0.102,0.10843373494,0.176706827309,0.112449799197,0.0,0.0,0.0361445783133,0.21686746988,0.0522088353414,0.00803212851406,0.0,0.0,Last Nite-The Strokes,The Strokes
184,80.0,262.0,0.30534351145,6,0.599236641221,2.86641221374,-0.9863,0.223,0.683,0.094,0.2156133829,0.0780669144981,0.0594795539033,0.0,0.0,0.0111524163569,0.159851301115,0.0148698884758,0.0,0.0,0.0,The End Has No End-The Strokes,The Strokes
185,154.0,296.0,0.52027027027,11,0.530405405405,3.22297297297,-0.9014,0.093,0.858,0.049,0.174917491749,0.184818481848,0.042904290429,0.0,0.0,0.00990099009901,0.221122112211,0.036303630363,0.00660066006601,0.0,0.00660066006601,Threat of Joy-The Strokes,The Strokes
186,114.0,316.0,0.360759493671,5,0.503164556962,3.37658227848,-0.9177,0.117,0.788,0.095,0.159021406728,0.162079510703,0.113149847095,0.0,0.00305810397554,0.00305810397554,0.238532110092,0.0244648318043,0.0,0.0,0.0,Taken for a Fool-The Strokes,The Strokes
187,61.0,194.0,0.314432989691,2,0.494845360825,2.85051546392,-0.8913,0.107,0.865,0.028,0.105527638191,0.226130653266,0.13567839196,0.0,0.0,0.0100502512563,0.246231155779,0.0251256281407,0.0,0.0,0.0,Automatic Stop-The Strokes,The Strokes
188,103.0,215.0,0.479069767442,7,0.520930232558,3.49302325581,0.9548,0.053,0.835,0.112,0.151111111111,0.151111111111,0.12,0.0,0.0,0.0133333333333,0.271111111111,0.0577777777778,0.0,0.0,0.0,The Modern Age-The Strokes,The Strokes
189,95.0,227.0,0.418502202643,5,0.511013215859,3.31718061674,0.6885,0.071,0.827,0.101,0.0995670995671,0.190476190476,0.142857142857,0.00865800865801,0.0,0.00865800865801,0.242424242424,0.030303030303,0.0,0.0,0.0,Reptilia-The Strokes,The Strokes
190,106.0,249.0,0.425702811245,4,0.5140562249,3.55421686747,-0.9064,0.075,0.889,0.036,0.166666666667,0.170634920635,0.0674603174603,0.0,0.0,0.0,0.18253968254,0.0277777777778,0.0,0.0,0.0,Oblivius-The Strokes,The Strokes
191,99.0,155.0,0.638709677419,13,0.477419354839,3.35483870968,0.795,0.037,0.864,0.099,0.153374233129,0.171779141104,0.0613496932515,0.00613496932515,0.0,0.0122699386503,0.263803680982,0.0429447852761,0.00613496932515,0.0,0.0,Soma-The Strokes,The Strokes
192,110.0,242.0,0.454545454545,11,0.632231404959,3.30578512397,0.9881,0.08,0.691,0.229,0.113821138211,0.191056910569,0.105691056911,0.0,0.0,0.0284552845528,0.231707317073,0.0691056910569,0.00813008130081,0.0121951219512,0.0,Someday-The Strokes,The Strokes
193,115.0,272.0,0.422794117647,10,0.488970588235,3.16911764706,-0.5751,0.124,0.78,0.096,0.104693140794,0.209386281588,0.0974729241877,0.0,0.0,0.0072202166065,0.256317689531,0.0830324909747,0.0,0.0,0.0,Hard to Explain-The Strokes,The Strokes
194,101.0,222.0,0.454954954955,6,0.572072072072,3.3963963964,0.2603,0.116,0.782,0.102,0.121076233184,0.174887892377,0.0717488789238,0.0,0.0,0.0224215246637,0.27802690583,0.0269058295964,0.00448430493274,0.0,0.00448430493274,Heart in a Cage-The Strokes,The Strokes
195,139.0,267.0,0.520599250936,8,0.501872659176,3.26217228464,-0.8965,0.114,0.828,0.057,0.131386861314,0.189781021898,0.0510948905109,0.0,0.0,0.0,0.197080291971,0.029197080292,0.0036496350365,0.0,0.0,8 (Circle)-Bon Iver,Bon Iver
196,68.0,184.0,0.369565217391,8,0.516304347826,3.54347826087,-0.4137,0.048,0.921,0.031,0.163157894737,0.142105263158,0.126315789474,0.0,0.0,0.0,0.184210526316,0.0105263157895,0.0,0.0,0.00526315789474,Blindsided-Bon Iver,Bon Iver
197,107.0,217.0,0.493087557604,9,0.400921658986,3.69124423963,0.1469,0.061,0.879,0.059,0.219730941704,0.161434977578,0.0269058295964,0.0,0.0,0.0,0.170403587444,0.0538116591928,0.0,0.0,0.00448430493274,Re: Stacks-Bon Iver,Bon Iver
198,46.0,55.0,0.836363636364,6,0.527272727273,3.65454545455,0.7351,0.021,0.848,0.131,0.157894736842,0.157894736842,0.0701754385965,0.0,0.0,0.0,0.280701754386,0.0350877192982,0.0,0.0,0.0,Beach Baby-Bon Iver,Bon Iver
199,101.0,214.0,0.471962616822,9,0.542056074766,3.68224299065,-0.879,0.104,0.847,0.049,0.223744292237,0.159817351598,0.0547945205479,0.0,0.0,0.0,0.182648401826,0.0319634703196,0.0,0.0,0.0,Holocene-Bon Iver,Bon Iver
200,89.0,429.0,0.207459207459,6,0.475524475524,3.12820512821,-0.9805,0.102,0.864,0.034,0.190366972477,0.178899082569,0.0344036697248,0.0,0.0,0.0,0.18119266055,0.0321100917431,0.0,0.0,0.0,Lost In the World-Bon Iver,Bon Iver
201,108.0,210.0,0.514285714286,14,0.480952380952,3.55238095238,0.9614,0.059,0.799,0.142,0.13488372093,0.186046511628,0.0511627906977,0.0,0.0,0.0,0.246511627907,0.0325581395349,0.0046511627907,0.0,0.0,Blood Bank-Bon Iver,Bon Iver
202,89.0,234.0,0.380341880342,6,0.376068376068,3.08974358974,0.9506,0.086,0.767,0.147,0.129166666667,0.225,0.0375,0.0,0.0,0.0,0.179166666667,0.05,0.0,0.0,0.0,Skinny Love-Bon Iver,Bon Iver
203,112.0,177.0,0.632768361582,11,0.564971751412,3.67796610169,0.9431,0.008,0.879,0.113,0.247368421053,0.121052631579,0.0789473684211,0.0,0.0,0.0105263157895,0.168421052632,0.0631578947368,0.0,0.0,0.00526315789474,29 #Strafford APTS-Bon Iver,Bon Iver
204,52.0,91.0,0.571428571429,5,0.527472527473,3.51648351648,0.9442,0.0,0.84,0.16,0.301075268817,0.139784946237,0.0537634408602,0.0,0.0,0.0,0.182795698925,0.0645161290323,0.010752688172,0.0,0.0,Flume-Bon Iver,Bon Iver
205,389.0,879.0,0.442548350398,55,0.582480091013,3.70875995449,-0.9964,0.141,0.78,0.078,0.263271939328,0.120260021668,0.056338028169,0.00216684723727,0.0,0.00108342361863,0.182015167931,0.0704225352113,0.0032502708559,0.00216684723727,0.00108342361863,Monster-Bon Iver,Bon Iver
206,149.0,293.0,0.508532423208,12,0.477815699659,3.32764505119,0.7895,0.061,0.856,0.083,0.15,0.166666666667,0.0733333333333,0.0,0.0,0.0,0.203333333333,0.0233333333333,0.0,0.0,0.00333333333333,"33 ""God""-Bon Iver",Bon Iver
207,60.0,202.0,0.29702970297,4,0.524752475248,3.60396039604,-0.9338,0.158,0.763,0.079,0.161904761905,0.157142857143,0.0428571428571,0.0,0.0,0.0,0.3,0.0238095238095,0.0047619047619,0.0,0.0,The Wolves (Act I and II)-Bon Iver,Bon Iver
208,53.0,86.0,0.616279069767,4,0.767441860465,3.36046511628,0.6377,0.08,0.792,0.128,0.181818181818,0.0454545454545,0.0795454545455,0.0,0.0,0.0,0.147727272727,0.0681818181818,0.0,0.0,0.0,For Emma-Bon Iver,Bon Iver
209,100.0,169.0,0.591715976331,8,0.502958579882,3.52662721893,-0.5997,0.084,0.849,0.066,0.194444444444,0.0888888888889,0.0611111111111,0.0,0.0,0.0,0.211111111111,0.0388888888889,0.00555555555556,0.0,0.00555555555556,Michicant-Bon Iver,Bon Iver
210,100.0,347.0,0.28818443804,6,0.412103746398,3.5878962536,0.7506,0.019,0.925,0.056,0.159663865546,0.229691876751,0.0980392156863,0.00560224089636,0.0,0.0,0.201680672269,0.0168067226891,0.0,0.0,0.0,Soundcheck-Catfish and the Bottlemen,Catfish and the Bottlemen
211,56.0,137.0,0.408759124088,6,0.445255474453,3.59854014599,-0.7506,0.073,0.892,0.035,0.115107913669,0.244604316547,0.0143884892086,0.0,0.0,0.0,0.302158273381,0.00719424460432,0.0,0.0,0.0,Sidewinder-Catfish and the Bottlemen,Catfish and the Bottlemen
212,77.0,294.0,0.261904761905,4,0.517006802721,3.02380952381,-0.8937,0.084,0.885,0.031,0.0723684210526,0.213815789474,0.0723684210526,0.0,0.0,0.0,0.256578947368,0.0263157894737,0.0,0.0,0.0,Homesick-Catfish and the Bottlemen,Catfish and the Bottlemen
213,65.0,293.0,0.221843003413,3,0.566552901024,3.45051194539,-0.9904,0.194,0.765,0.041,0.147540983607,0.232786885246,0.111475409836,0.0,0.0,0.0,0.252459016393,0.0262295081967,0.0,0.0,0.0,7-Catfish and the Bottlemen,Catfish and the Bottlemen
214,83.0,165.0,0.50303030303,6,0.545454545455,3.39393939394,0.4864,0.127,0.745,0.128,0.156069364162,0.271676300578,0.0462427745665,0.0,0.0,0.0,0.242774566474,0.0404624277457,0.0,0.0,0.0,Hourglass-Catfish and the Bottlemen,Catfish and the Bottlemen
215,93.0,235.0,0.395744680851,7,0.417021276596,3.23404255319,-0.5321,0.055,0.901,0.044,0.118852459016,0.258196721311,0.0532786885246,0.0,0.0,0.00819672131148,0.25,0.0245901639344,0.0,0.0,0.0,Kathleen-Catfish and the Bottlemen,Catfish and the Bottlemen
216,83.0,181.0,0.458563535912,8,0.657458563536,3.32596685083,0.8186,0.022,0.916,0.062,0.159574468085,0.18085106383,0.0797872340426,0.0,0.0,0.0,0.212765957447,0.0265957446809,0.0,0.00531914893617,0.0,Tyrants-Catfish and the Bottlemen,Catfish and the Bottlemen
217,106.0,312.0,0.339743589744,6,0.528846153846,3.49679487179,-0.7142,0.124,0.771,0.105,0.133956386293,0.214953271028,0.0373831775701,0.0,0.0,0.0,0.221183800623,0.0342679127726,0.00623052959502,0.0,0.0,Cocoon-Catfish and the Bottlemen,Catfish and the Bottlemen
218,78.0,242.0,0.322314049587,7,0.49173553719,3.38429752066,-0.9813,0.152,0.8,0.048,0.0592885375494,0.233201581028,0.0948616600791,0.0,0.0,0.0237154150198,0.308300395257,0.0158102766798,0.0,0.0,0.0118577075099,Pacifier-Catfish and the Bottlemen,Catfish and the Bottlemen
219,96.0,239.0,0.401673640167,6,0.460251046025,3.5690376569,0.3335,0.058,0.866,0.076,0.0931174089069,0.255060728745,0.0931174089069,0.0080971659919,0.0,0.0,0.255060728745,0.0323886639676,0.00404858299595,0.00404858299595,0.0,Anything-Catfish and the Bottlemen,Catfish and the Bottlemen
220,85.0,232.0,0.366379310345,4,0.620689655172,3.65948275862,-0.9651,0.168,0.758,0.075,0.181034482759,0.155172413793,0.0991379310345,0.0,0.0,0.00431034482759,0.211206896552,0.0603448275862,0.0,0.00862068965517,0.0,Twice-Catfish and the Bottlemen,Catfish and the Bottlemen
221,82.0,209.0,0.392344497608,10,0.406698564593,3.58373205742,-0.4939,0.096,0.823,0.081,0.117647058824,0.262443438914,0.0407239819005,0.0,0.0,0.0135746606335,0.27149321267,0.00904977375566,0.0,0.0,0.00452488687783,Glasgow-Catfish and the Bottlemen,Catfish and the Bottlemen
222,93.0,334.0,0.278443113772,9,0.523952095808,3.22754491018,-0.9807,0.132,0.83,0.038,0.16091954023,0.290229885057,0.0804597701149,0.0,0.0,0.0,0.278735632184,0.0344827586207,0.0,0.0,0.0,Business-Catfish and the Bottlemen,Catfish and the Bottlemen
223,74.0,197.0,0.375634517766,4,0.421319796954,3.51776649746,0.8651,0.062,0.825,0.113,0.164319248826,0.211267605634,0.0422535211268,0.0,0.0,0.00469483568075,0.239436619718,0.0,0.0,0.0,0.0,Emily-Catfish and the Bottlemen,Catfish and the Bottlemen
224,85.0,261.0,0.325670498084,8,0.463601532567,3.75095785441,0.9325,0.071,0.814,0.116,0.150537634409,0.193548387097,0.0465949820789,0.0,0.0,0.0,0.240143369176,0.0143369175627,0.0,0.0,0.0,Postpone-Catfish and the Bottlemen,Catfish and the Bottlemen
225,82.0,238.0,0.344537815126,5,0.626050420168,3.59243697479,0.9816,0.184,0.546,0.27,0.206611570248,0.128099173554,0.0495867768595,0.00413223140496,0.0,0.0,0.231404958678,0.0661157024793,0.0,0.00413223140496,0.0247933884298,Beautiful War-Kings of Leon,Kings of Leon
226,67.0,137.0,0.489051094891,7,0.489051094891,3.80291970803,0.8225,0.08,0.803,0.117,0.193103448276,0.172413793103,0.0620689655172,0.0,0.0,0.0,0.289655172414,0.0551724137931,0.0,0.0206896551724,0.0,Sex on Fire (X Factor Performance)-Kings of Leon,Kings of Leon
227,82.0,230.0,0.35652173913,2,0.426086956522,3.3,0.7717,0.0,0.97,0.03,0.128755364807,0.210300429185,0.0257510729614,0.0,0.0,0.0,0.330472103004,0.0171673819742,0.0,0.00429184549356,0.0,Find Me-Kings of Leon,Kings of Leon
228,93.0,135.0,0.688888888889,5,0.481481481481,3.57777777778,0.1232,0.062,0.886,0.052,0.181818181818,0.181818181818,0.048951048951,0.0,0.0,0.0,0.251748251748,0.048951048951,0.0,0.0,0.0,Closer-Kings of Leon,Kings of Leon
229,91.0,238.0,0.382352941176,7,0.474789915966,3.45798319328,-0.8926,0.082,0.886,0.032,0.201646090535,0.0946502057613,0.0699588477366,0.0,0.0,0.0082304526749,0.185185185185,0.0329218106996,0.0,0.0,0.0082304526749,WALLS-Kings of Leon,Kings of Leon
230,65.0,200.0,0.325,5,0.465,3.86,0.5994,0.015,0.95,0.034,0.142156862745,0.176470588235,0.0392156862745,0.0,0.0,0.0,0.254901960784,0.00980392156863,0.0,0.0,0.00490196078431,Radioactive-Kings of Leon,Kings of Leon
231,69.0,147.0,0.469387755102,7,0.503401360544,3.61224489796,0.8225,0.078,0.807,0.115,0.206451612903,0.161290322581,0.0387096774194,0.0,0.0,0.0,0.245161290323,0.0516129032258,0.0,0.0193548387097,0.0,Sex On Fire-Kings of Leon,Kings of Leon
232,89.0,202.0,0.440594059406,6,0.569306930693,3.33168316832,0.4232,0.053,0.906,0.041,0.147058823529,0.176470588235,0.0882352941176,0.0,0.0,0.0,0.240196078431,0.0294117647059,0.00490196078431,0.0,0.0,Pyro-Kings of Leon,Kings of Leon
233,51.0,233.0,0.218884120172,1,0.454935622318,2.9356223176,0.9914,0.009,0.797,0.195,0.148760330579,0.202479338843,0.0702479338843,0.0,0.0,0.0,0.148760330579,0.0785123966942,0.0661157024793,0.0,0.0,Wait For Me-Kings of Leon,Kings of Leon
234,63.0,165.0,0.381818181818,6,0.533333333333,3.19393939394,0.3939,0.036,0.916,0.048,0.188235294118,0.147058823529,0.0,0.0,0.0,0.0176470588235,0.141176470588,0.00588235294118,0.0,0.0,0.0117647058824,Where Is My Mind?-Kings of Leon,Kings of Leon
235,75.0,236.0,0.317796610169,3,0.512711864407,3.87288135593,0.2732,0.029,0.937,0.034,0.253112033195,0.0829875518672,0.00414937759336,0.0,0.0,0.0,0.103734439834,0.0207468879668,0.0,0.0,0.0,Around the World-Kings of Leon,Kings of Leon
236,80.0,175.0,0.457142857143,6,0.594285714286,3.78857142857,-0.9042,0.138,0.798,0.063,0.303370786517,0.061797752809,0.0224719101124,0.0,0.0,0.0,0.185393258427,0.0505617977528,0.0112359550562,0.0,0.0,Waste a Moment-Kings of Leon,Kings of Leon
237,82.0,278.0,0.294964028777,2,0.514388489209,3.68705035971,0.9833,0.028,0.819,0.153,0.223404255319,0.120567375887,0.124113475177,0.0,0.0,0.0,0.159574468085,0.0,0.0,0.0,0.0,Reverend-Kings of Leon,Kings of Leon
238,58.0,170.0,0.341176470588,6,0.6,3.62941176471,0.977,0.028,0.769,0.202,0.185393258427,0.196629213483,0.0393258426966,0.0,0.0,0.0,0.224719101124,0.0280898876404,0.0,0.0,0.0,Use Somebody-Kings of Leon,Kings of Leon
239,91.0,259.0,0.351351351351,9,0.590733590734,3.43243243243,0.5759,0.079,0.85,0.07,0.19391634981,0.155893536122,0.133079847909,0.0,0.0,0.0152091254753,0.22433460076,0.0684410646388,0.0,0.0,0.0,Supersoaker-Kings of Leon,Kings of Leon
240,70.0,196.0,0.357142857143,7,0.520408163265,4.22959183673,-0.9145,0.157,0.746,0.097,0.300970873786,0.121359223301,0.00485436893204,0.0,0.0,0.0,0.184466019417,0.0194174757282,0.0,0.0,0.0,Forget About Life-Alvvays,Alvvays
241,107.0,233.0,0.459227467811,8,0.515021459227,3.83261802575,0.9031,0.055,0.856,0.089,0.196652719665,0.167364016736,0.092050209205,0.0,0.0,0.00836820083682,0.209205020921,0.0376569037657,0.0,0.0,0.00836820083682,Saved By A Waif-Alvvays,Alvvays
242,101.0,193.0,0.523316062176,11,0.445595854922,3.55440414508,0.3058,0.061,0.886,0.053,0.164251207729,0.111111111111,0.0821256038647,0.0,0.0,0.0,0.178743961353,0.0724637681159,0.00966183574879,0.0,0.0048309178744,Red Planet-Alvvays,Alvvays
243,122.0,356.0,0.342696629213,8,0.469101123596,3.17134831461,-0.9211,0.08,0.887,0.034,0.107142857143,0.181318681319,0.0274725274725,0.0,0.0,0.0,0.263736263736,0.0357142857143,0.0,0.0,0.0,Atop a Cake-Alvvays,Alvvays
244,97.0,233.0,0.416309012876,10,0.437768240343,3.42060085837,0.8625,0.07,0.836,0.094,0.172995780591,0.189873417722,0.0548523206751,0.0,0.0,0.0,0.181434599156,0.0548523206751,0.0,0.0,0.0042194092827,Next of Kin-Alvvays,Alvvays
245,93.0,238.0,0.390756302521,6,0.453781512605,3.73109243697,-0.1979,0.074,0.848,0.079,0.156,0.172,0.116,0.0,0.0,0.0,0.232,0.02,0.0,0.0,0.004,Party Police-Alvvays,Alvvays
246,82.0,161.0,0.509316770186,6,0.614906832298,3.55900621118,-0.4915,0.07,0.881,0.049,0.327380952381,0.113095238095,0.0357142857143,0.0,0.0,0.0,0.125,0.047619047619,0.0,0.0,0.00595238095238,"Archie, Marry Me-Alvvays",Alvvays
247,78.0,173.0,0.450867052023,6,0.445086705202,3.78612716763,-0.9591,0.149,0.809,0.042,0.239361702128,0.18085106383,0.0797872340426,0.0,0.0,0.0,0.175531914894,0.0212765957447,0.0,0.0,0.0,Your Type-Alvvays,Alvvays
248,92.0,301.0,0.305647840532,9,0.448504983389,3.42524916944,0.9695,0.026,0.865,0.11,0.180921052632,0.220394736842,0.0526315789474,0.0,0.0,0.0,0.151315789474,0.0164473684211,0.0,0.0,0.0,Dreams Tonite-Alvvays,Alvvays
249,81.0,234.0,0.346153846154,5,0.512820512821,3.87179487179,-0.9482,0.094,0.899,0.007,0.258687258687,0.177606177606,0.046332046332,0.003861003861,0.0,0.0,0.123552123552,0.034749034749,0.0,0.0,0.0,Plimsoll Punks-Alvvays,Alvvays
250,130.0,401.0,0.324189526185,11,0.473815461347,3.29675810474,-0.9344,0.07,0.899,0.03,0.185714285714,0.192857142857,0.0428571428571,0.0,0.0,0.0,0.161904761905,0.0214285714286,0.0,0.0,0.0,Lollipop (Ode to Jim)-Alvvays,Alvvays
251,74.0,124.0,0.596774193548,2,0.435483870968,3.79838709677,-0.1531,0.024,0.957,0.019,0.172932330827,0.15037593985,0.0977443609023,0.0,0.0,0.0,0.240601503759,0.015037593985,0.0,0.0,0.0300751879699,Already Gone-Alvvays,Alvvays
252,57.0,111.0,0.513513513514,8,0.495495495495,3.57657657658,0.9659,0.058,0.727,0.215,0.215517241379,0.129310344828,0.0862068965517,0.0,0.0,0.0,0.146551724138,0.0603448275862,0.00862068965517,0.0,0.0,Dives-Alvvays,Alvvays
253,85.0,256.0,0.33203125,2,0.51171875,3.65234375,-0.9875,0.195,0.765,0.039,0.144486692015,0.0988593155894,0.0684410646388,0.0,0.0,0.0,0.250950570342,0.0152091254753,0.0,0.0,0.0570342205323,In Undertow-Alvvays,Alvvays
254,102.0,317.0,0.321766561514,5,0.447949526814,3.22397476341,-0.5988,0.065,0.879,0.056,0.109717868339,0.188087774295,0.163009404389,0.0,0.0,0.0,0.235109717868,0.0313479623824,0.0,0.0,0.012539184953,Not My Baby-Alvvays,Alvvays
255,183.0,377.0,0.485411140584,16,0.496021220159,3.96286472149,-0.9846,0.135,0.815,0.05,0.226804123711,0.110824742268,0.0335051546392,0.0,0.0,0.0,0.198453608247,0.0360824742268,0.00257731958763,0.0,0.0,Bells of Morning-Dawud Wharnsby,Dawud Wharnsby
256,132.0,364.0,0.362637362637,23,0.458791208791,3.62637362637,0.7685,0.049,0.88,0.071,0.201591511936,0.127320954907,0.0397877984085,0.0,0.0,0.0,0.161803713528,0.0344827586207,0.0026525198939,0.0,0.0,Why Are the Drums so Silent-Dawud Wharnsby,Dawud Wharnsby
257,108.0,215.0,0.502325581395,11,0.53023255814,3.69302325581,0.9159,0.029,0.875,0.097,0.233183856502,0.103139013453,0.067264573991,0.0,0.0,0.0,0.210762331839,0.0403587443946,0.0,0.0,0.0,Out Seeing the Fields-Dawud Wharnsby,Dawud Wharnsby
258,145.0,382.0,0.379581151832,18,0.599476439791,3.47120418848,0.9691,0.043,0.847,0.111,0.243037974684,0.106329113924,0.053164556962,0.0,0.0,0.0,0.149367088608,0.0481012658228,0.00506329113924,0.0,0.00253164556962,Rachel-Dawud Wharnsby,Dawud Wharnsby
259,85.0,253.0,0.335968379447,7,0.612648221344,3.73913043478,0.9817,0.0,0.872,0.128,0.268939393939,0.0871212121212,0.0378787878788,0.0,0.0,0.0,0.0984848484848,0.0833333333333,0.0,0.0,0.0,Colours of Islam-Dawud Wharnsby,Dawud Wharnsby
260,121.0,375.0,0.322666666667,9,0.594666666667,3.94666666667,-0.9555,0.121,0.812,0.066,0.3515625,0.0755208333333,0.03125,0.0,0.0,0.0,0.109375,0.0260416666667,0.0,0.0,0.0234375,Allah Knows-Dawud Wharnsby,Dawud Wharnsby
261,95.0,196.0,0.484693877551,23,0.591836734694,4.54591836735,-0.8144,0.129,0.79,0.081,0.385714285714,0.0904761904762,0.00952380952381,0.0,0.0,0.0,0.157142857143,0.0619047619048,0.0,0.0,0.0047619047619,Guantanamo Bay-Dawud Wharnsby,Dawud Wharnsby
262,121.0,369.0,0.327913279133,9,0.536585365854,3.25745257453,-0.961,0.175,0.71,0.115,0.101333333333,0.194666666667,0.048,0.0,0.0,0.0,0.202666666667,0.0213333333333,0.0,0.00266666666667,0.0,The Truth That Lies Inside-Dawud Wharnsby,Dawud Wharnsby
263,65.0,143.0,0.454545454545,7,0.503496503497,3.58741258741,0.631,0.031,0.895,0.073,0.178082191781,0.171232876712,0.0890410958904,0.0,0.0,0.0342465753425,0.184931506849,0.013698630137,0.0,0.0,0.0,David-The Radio Dept.,The Radio Dept.
264,38.0,67.0,0.567164179104,2,0.432835820896,3.73134328358,-0.8466,0.168,0.778,0.054,0.134328358209,0.179104477612,0.0298507462687,0.0,0.0,0.0149253731343,0.223880597015,0.0298507462687,0.0,0.0,0.0,Against the Tide-The Radio Dept.,The Radio Dept.
265,36.0,43.0,0.837209302326,4,0.511627906977,3.93023255814,-0.5529,0.107,0.893,0.0,0.130434782609,0.152173913043,0.0869565217391,0.0,0.0,0.0,0.326086956522,0.0652173913043,0.0,0.0,0.0,Where Damage Isn't Already Done-The Radio Dept.,The Radio Dept.
266,37.0,45.0,0.822222222222,1,0.466666666667,3.35555555556,0.9658,0.081,0.492,0.427,0.125,0.145833333333,0.0416666666667,0.0,0.0,0.0208333333333,0.291666666667,0.0625,0.0,0.0,0.0208333333333,A Token of Gratitude-The Radio Dept.,The Radio Dept.
267,53.0,124.0,0.427419354839,2,0.467741935484,2.96774193548,-0.7149,0.075,0.899,0.025,0.031007751938,0.271317829457,0.046511627907,0.0,0.0,0.0,0.271317829457,0.015503875969,0.0,0.0,0.0,What You Sell-The Radio Dept.,The Radio Dept.
268,73.0,151.0,0.483443708609,1,0.58940397351,3.49668874172,-0.8331,0.089,0.911,0.0,0.165644171779,0.134969325153,0.079754601227,0.0,0.0,0.00613496932515,0.220858895706,0.0429447852761,0.0,0.0,0.0,Strange Things Will Happen-The Radio Dept.,The Radio Dept.
269,45.0,58.0,0.775862068966,0,0.379310344828,3.5,0.8979,0.037,0.726,0.236,0.114754098361,0.196721311475,0.0491803278689,0.0,0.0,0.0,0.245901639344,0.0655737704918,0.016393442623,0.0,0.0,The Video Dept.-The Radio Dept.,The Radio Dept.
270,65.0,130.0,0.5,7,0.476923076923,3.3,-0.9824,0.299,0.619,0.083,0.133333333333,0.22962962963,0.0592592592593,0.0,0.0,0.0,0.266666666667,0.0740740740741,0.0,0.0,0.0,Memory Loss-The Radio Dept.,The Radio Dept.
271,71.0,103.0,0.68932038835,5,0.543689320388,3.56310679612,0.9594,0.125,0.614,0.261,0.179245283019,0.0849056603774,0.0660377358491,0.0,0.0,0.0,0.22641509434,0.103773584906,0.00943396226415,0.00943396226415,0.0,This Past Week-The Radio Dept.,The Radio Dept.
272,64.0,170.0,0.376470588235,3,0.464705882353,3.54117647059,0.8313,0.159,0.639,0.203,0.193181818182,0.159090909091,0.0454545454545,0.0,0.0,0.0,0.164772727273,0.0113636363636,0.00568181818182,0.0,0.0,Heaven's On Fire-The Radio Dept.,The Radio Dept.
273,57.0,74.0,0.77027027027,3,0.459459459459,3.68918918919,0.7476,0.128,0.682,0.19,0.12987012987,0.194805194805,0.012987012987,0.0,0.0,0.0,0.233766233766,0.0649350649351,0.0,0.0,0.0,What Will Give?-The Radio Dept.,The Radio Dept.
274,47.0,93.0,0.505376344086,4,0.537634408602,3.70967741935,0.594,0.123,0.695,0.181,0.113402061856,0.185567010309,0.0721649484536,0.0,0.0,0.0,0.268041237113,0.0618556701031,0.0,0.0,0.0,I Don't Like It Like This-The Radio Dept.,The Radio Dept.
275,60.0,88.0,0.681818181818,4,0.488636363636,3.76136363636,0.1531,0.145,0.674,0.18,0.122222222222,0.155555555556,0.0777777777778,0.0,0.0,0.0,0.277777777778,0.0444444444444,0.0,0.0,0.0,Always a Relief-The Radio Dept.,The Radio Dept.
276,67.0,104.0,0.644230769231,5,0.480769230769,3.24038461538,-0.9029,0.166,0.768,0.066,0.169811320755,0.188679245283,0.0471698113208,0.0,0.0,0.0,0.198113207547,0.0283018867925,0.0,0.0188679245283,0.00943396226415,The Worst Taste In Music-The Radio Dept.,The Radio Dept.
277,70.0,118.0,0.593220338983,4,0.5,3.6186440678,0.3094,0.089,0.786,0.125,0.148760330579,0.206611570248,0.0495867768595,0.0,0.0,0.0,0.297520661157,0.00826446280992,0.0,0.0,0.0165289256198,You Stopped Making Sense-The Radio Dept.,The Radio Dept.
278,77.0,333.0,0.231231231231,5,0.54954954955,3.35135135135,0.9381,0.045,0.85,0.105,0.107558139535,0.21511627907,0.0494186046512,0.0,0.0,0.0,0.293604651163,0.0552325581395,0.0,0.0,0.0,Find Me-Birdy,Birdy
279,67.0,141.0,0.475177304965,7,0.475177304965,3.87943262411,0.6124,0.028,0.913,0.058,0.173333333333,0.2,0.02,0.0,0.0,0.0,0.253333333333,0.0133333333333,0.0,0.0,0.0,Tee Shirt-Birdy,Birdy
280,90.0,235.0,0.382978723404,12,0.446808510638,3.51914893617,-0.8834,0.052,0.948,0.0,0.183333333333,0.2,0.0416666666667,0.0,0.0,0.0208333333333,0.208333333333,0.0208333333333,0.0,0.0,0.0,Wings-Birdy,Birdy
281,96.0,332.0,0.289156626506,4,0.44578313253,3.02108433735,-0.9933,0.171,0.785,0.045,0.0753623188406,0.194202898551,0.0927536231884,0.0,0.0,0.0,0.295652173913,0.0289855072464,0.00579710144928,0.0,0.00289855072464,Deep End-Birdy,Birdy
282,83.0,220.0,0.377272727273,5,0.409090909091,3.25909090909,0.8299,0.059,0.832,0.109,0.0807174887892,0.233183856502,0.0896860986547,0.0,0.0,0.0,0.255605381166,0.0134529147982,0.0,0.0,0.0,All You Never Say-Birdy,Birdy
283,90.0,285.0,0.315789473684,5,0.428070175439,2.83859649123,0.9685,0.078,0.773,0.149,0.116838487973,0.243986254296,0.0412371134021,0.0,0.0,0.0,0.147766323024,0.0378006872852,0.0,0.0,0.0,Skinny Love-Birdy,Birdy
284,71.0,224.0,0.316964285714,7,0.535714285714,3.34821428571,-0.9926,0.357,0.463,0.18,0.104347826087,0.165217391304,0.1,0.0,0.0,0.0304347826087,0.208695652174,0.0304347826087,0.0,0.00434782608696,0.0,Strange Birds-Birdy,Birdy
285,95.0,226.0,0.420353982301,6,0.455752212389,3.3982300885,-0.941,0.164,0.725,0.111,0.126582278481,0.236286919831,0.0970464135021,0.0,0.0,0.0,0.244725738397,0.0084388185654,0.0,0.0,0.0,No Angel-Birdy,Birdy
286,82.0,395.0,0.207594936709,3,0.53417721519,3.41012658228,0.9866,0.069,0.776,0.155,0.134228187919,0.217002237136,0.0715883668904,0.0,0.0,0.0,0.295302013423,0.0111856823266,0.0,0.0,0.0,Keeping Your Head Up-Birdy,Birdy
287,115.0,287.0,0.400696864111,12,0.432055749129,3.30662020906,0.3169,0.086,0.831,0.083,0.0955631399317,0.204778156997,0.0409556313993,0.0,0.0,0.0,0.266211604096,0.061433447099,0.0170648464164,0.0,0.00682593856655,Wild Horses-Birdy,Birdy
288,94.0,277.0,0.339350180505,13,0.512635379061,3.54873646209,0.8555,0.155,0.669,0.176,0.210169491525,0.101694915254,0.0101694915254,0.0,0.0,0.0271186440678,0.2,0.0610169491525,0.0,0.0,0.0,People Help the People-Birdy,Birdy
289,87.0,289.0,0.301038062284,4,0.470588235294,2.98961937716,0.9793,0.045,0.827,0.128,0.048275862069,0.196551724138,0.0965517241379,0.0,0.0,0.0,0.313793103448,0.048275862069,0.0,0.0,0.00689655172414,Let It All Go-Birdy,Birdy
290,66.0,137.0,0.481751824818,2,0.510948905109,3.4598540146,0.523,0.047,0.881,0.072,0.0965517241379,0.165517241379,0.0758620689655,0.0,0.0,0.0,0.227586206897,0.0689655172414,0.0,0.0,0.00689655172414,Not About Angels-Birdy,Birdy
291,94.0,281.0,0.334519572954,3,0.487544483986,3.38078291815,-0.9618,0.155,0.769,0.075,0.146853146853,0.181818181818,0.0559440559441,0.0,0.0,0.0,0.269230769231,0.013986013986,0.0,0.0,0.0,Ghost in the Wind-Birdy,Birdy
292,66.0,180.0,0.366666666667,7,0.544444444444,3.66666666667,0.1027,0.1,0.787,0.113,0.254143646409,0.0773480662983,0.0662983425414,0.0,0.0,0.0,0.232044198895,0.116022099448,0.0220994475138,0.0,0.00552486187845,Shelter-Birdy,Birdy
293,83.0,189.0,0.439153439153,2,0.465608465608,3.22222222222,-0.9732,0.205,0.69,0.105,0.102040816327,0.15306122449,0.015306122449,0.00510204081633,0.0,0.0,0.229591836735,0.0510204081633,0.015306122449,0.0,0.0,The Pilot-Clap Your Hands Say Yeah,Clap Your Hands Say Yeah
294,102.0,205.0,0.49756097561,2,0.443902439024,3.0243902439,0.9795,0.095,0.662,0.243,0.0943396226415,0.174528301887,0.0754716981132,0.0,0.0,0.00471698113208,0.207547169811,0.0707547169811,0.0,0.0,0.0,Fireproof-Clap Your Hands Say Yeah,Clap Your Hands Say Yeah
295,78.0,97.0,0.80412371134,8,0.546391752577,4.0618556701,0.8798,0.119,0.687,0.193,0.28,0.1,0.05,0.01,0.0,0.0,0.17,0.08,0.0,0.0,0.0,Over and Over-Clap Your Hands Say Yeah,Clap Your Hands Say Yeah
296,83.0,128.0,0.6484375,8,0.578125,3.953125,0.8798,0.093,0.756,0.151,0.274809160305,0.0763358778626,0.0534351145038,0.00763358778626,0.0,0.0,0.229007633588,0.0610687022901,0.0,0.0,0.0,Over And Over Again (Lost And Found)-Clap Your Hands Say Yeah,Clap Your Hands Say Yeah
297,111.0,165.0,0.672727272727,7,0.587878787879,3.79393939394,-0.8974,0.133,0.804,0.063,0.286549707602,0.0818713450292,0.0701754385965,0.0,0.0,0.0,0.169590643275,0.0526315789474,0.0,0.0,0.00584795321637,Clap Your Hands!-Clap Your Hands Say Yeah,Clap Your Hands Say Yeah
298,39.0,88.0,0.443181818182,0,0.602272727273,3.47727272727,-0.5423,0.224,0.604,0.173,0.255555555556,0.177777777778,0.0333333333333,0.0,0.0,0.0,0.266666666667,0.0777777777778,0.0,0.0,0.0,Arm and Hammer-Clap Your Hands Say Yeah,Clap Your Hands Say Yeah
299,110.0,186.0,0.591397849462,5,0.483870967742,3.40322580645,0.9201,0.14,0.681,0.178,0.159574468085,0.143617021277,0.063829787234,0.00531914893617,0.0,0.0106382978723,0.196808510638,0.0691489361702,0.0106382978723,0.0,0.0106382978723,Is This Love?-Clap Your Hands Say Yeah,Clap Your Hands Say Yeah
300,107.0,185.0,0.578378378378,15,0.540540540541,3.56756756757,-0.9189,0.113,0.864,0.023,0.213930348259,0.0796019900498,0.0298507462687,0.0,0.0,0.0,0.169154228856,0.0945273631841,0.0,0.0,0.0,Same Mistake-Clap Your Hands Say Yeah,Clap Your Hands Say Yeah
301,146.0,292.0,0.5,9,0.496575342466,3.77054794521,0.9559,0.049,0.84,0.111,0.201298701299,0.0746753246753,0.0454545454545,0.0,0.0,0.00974025974026,0.191558441558,0.0649350649351,0.00649350649351,0.0,0.0162337662338,Some Loud Thunder-Clap Your Hands Say Yeah,Clap Your Hands Say Yeah
302,21.0,22.0,0.954545454545,2,0.363636363636,3.68181818182,-0.34,0.107,0.893,0.0,0.130434782609,0.130434782609,0.0869565217391,0.0,0.0,0.0,0.260869565217,0.0434782608696,0.0,0.0434782608696,0.0,Hysterical-Clap Your Hands Say Yeah,Clap Your Hands Say Yeah
303,133.0,208.0,0.639423076923,8,0.524038461538,3.33173076923,0.8588,0.03,0.9,0.07,0.217592592593,0.115740740741,0.0740740740741,0.00462962962963,0.0,0.0,0.157407407407,0.0324074074074,0.0,0.0,0.0,The Skin Of My Yellow Country Teeth-Clap Your Hands Say Yeah,Clap Your Hands Say Yeah
304,70.0,179.0,0.391061452514,4,0.77094972067,3.48044692737,0.6776,0.044,0.887,0.069,0.32967032967,0.0769230769231,0.032967032967,0.0,0.0,0.0,0.164835164835,0.0164835164835,0.0,0.0,0.0,Satan Said Dance-Clap Your Hands Say Yeah,Clap Your Hands Say Yeah
305,110.0,298.0,0.369127516779,9,0.560402684564,3.10402684564,0.9867,0.054,0.81,0.137,0.101973684211,0.197368421053,0.0690789473684,0.0,0.0,0.00986842105263,0.263157894737,0.0460526315789,0.0197368421053,0.0,0.0,Better Off-Clap Your Hands Say Yeah,Clap Your Hands Say Yeah
306,123.0,232.0,0.530172413793,17,0.590517241379,3.76724137931,0.1719,0.037,0.924,0.04,0.284552845528,0.0894308943089,0.0162601626016,0.0,0.0,0.0,0.256097560976,0.0609756097561,0.0121951219512,0.0,0.0121951219512,Yankee Go Home-Clap Your Hands Say Yeah,Clap Your Hands Say Yeah
307,87.0,114.0,0.763157894737,10,0.517543859649,4.16666666667,-0.5859,0.168,0.694,0.139,0.264462809917,0.157024793388,0.00826446280992,0.0,0.0,0.0,0.181818181818,0.0826446280992,0.00826446280992,0.00826446280992,0.0,Details Of The War-Clap Your Hands Say Yeah,Clap Your Hands Say Yeah
